City_ID,City,Lat,Lng,Max Temp,Humidity,Cloudiness,Wind Speed,Country,Date
0,Tasiilaq,65.6145,-37.6368,30.92,85,98,7.07,GL,2021-09-25 00:40:20
1,Cape Town,-33.9258,18.4232,55.27,90,0,1.14,ZA,2021-09-25 00:37:35
2,Hilo,19.7297,-155.09,79.79,85,90,13.8,US,2021-09-25 00:40:37
3,Mazatlan,23.2167,-106.4167,85.96,74,20,9.22,MX,2021-09-25 00:40:27
4,Chokurdakh,70.6333,147.9167,33.75,75,100,15.3,RU,2021-09-25 00:41:39
5,Castro,-24.7911,-50.0119,59.88,80,83,5.99,BR,2021-09-25 00:41:39
6,Chuy,-33.6971,-53.4616,54.95,97,17,6.78,UY,2021-09-25 00:41:40
7,Rikitea,-23.1203,-134.9692,73.62,80,100,18.54,PF,2021-09-25 00:40:23
8,Dubrovka,53.6907,33.5071,46.38,97,94,4.59,RU,2021-09-25 00:41:40
9,Mahebourg,-20.4081,57.7,70.25,88,75,17.27,MU,2021-09-25 00:41:40
10,Port Alfred,-33.5906,26.891,59.2,83,53,6.93,ZA,2021-09-25 00:41:41
11,Khatanga,71.9667,102.5,30.88,87,100,6.93,RU,2021-09-25 00:41:41
12,Cidreira,-30.1811,-50.2056,60.91,85,43,4.34,BR,2021-09-25 00:41:42
13,Georgetown,5.4112,100.3354,83.89,90,20,1.99,MY,2021-09-25 00:40:41
14,Camana,-16.6228,-72.7111,63.82,76,4,6.55,PE,2021-09-25 00:41:42
15,Thompson,55.7435,-97.8558,44.76,87,75,10.36,CA,2021-09-25 00:40:31
16,Kamuli,0.9472,33.1197,64.09,95,100,2.93,UG,2021-09-25 00:41:43
17,Upernavik,72.7868,-56.1549,22.19,84,35,6.13,GL,2021-09-25 00:40:25
18,Busselton,-33.65,115.3333,56.05,63,2,17.27,AU,2021-09-25 00:41:43
19,Half Moon Bay,37.4636,-122.4286,91.22,72,90,1.01,US,2021-09-25 00:41:38
20,Sao Jose Da Coroa Grande,-8.8978,-35.1478,75.49,86,33,10.6,BR,2021-09-25 00:41:44
21,Ossora,59.2353,163.0719,50.16,57,2,4.59,RU,2021-09-25 00:41:44
22,Dali,25.7,100.1833,64.33,83,1,0.83,CN,2021-09-25 00:41:44
23,Roebourne,-20.7833,117.1333,79.75,24,5,11.9,AU,2021-09-25 00:41:45
24,Yuzhno-Kurilsk,44.0306,145.8556,57.02,73,20,18.99,RU,2021-09-25 00:41:45
25,Filingue,14.3521,3.3168,85.5,55,92,11.63,NE,2021-09-25 00:41:45
26,Ushuaia,-54.8,-68.3,40.66,93,75,0.0,AR,2021-09-25 00:41:46
27,Tahe,52.3333,124.7333,54.27,85,100,1.21,CN,2021-09-25 00:41:46
28,Alihe,50.5667,123.7167,52.0,98,100,1.74,CN,2021-09-25 00:41:47
29,Airai,-8.9266,125.4092,74.91,39,27,2.3,TL,2021-09-25 00:41:47
30,Asyut,27.181,31.1837,75.38,45,0,10.6,EG,2021-09-25 00:41:47
31,Mataura,-46.1927,168.8643,50.49,93,88,10.29,NZ,2021-09-25 00:40:23
32,Yellowknife,62.456,-114.3525,47.41,90,75,7.0,CA,2021-09-25 00:38:47
33,West Bay,19.3667,-81.4167,84.07,80,100,8.19,KY,2021-09-25 00:41:48
34,Miquelon,47.0975,-56.3814,56.03,67,16,13.29,PM,2021-09-25 00:41:49
35,Tuktoyaktuk,69.4541,-133.0374,35.6,93,90,20.71,CA,2021-09-25 00:41:49
36,Santa Maria,-29.6842,-53.8069,56.5,94,40,1.14,BR,2021-09-25 00:38:18
37,Masuri,35.8488,128.1492,65.89,87,100,2.37,KR,2021-09-25 00:41:50
38,Barrow,71.2906,-156.7887,30.22,80,90,4.61,US,2021-09-25 00:39:05
39,Punta Arenas,-53.15,-70.9167,41.11,81,90,8.05,CL,2021-09-25 00:40:34
40,San Patricio,28.017,-97.5169,82.26,54,86,8.93,US,2021-09-25 00:41:37
41,Kavieng,-2.5744,150.7967,84.74,67,21,10.4,PG,2021-09-25 00:41:51
42,Pevek,69.7008,170.3133,28.83,75,100,12.21,RU,2021-09-25 00:40:34
43,Pattaya,12.9333,100.8833,84.33,80,100,11.77,TH,2021-09-25 00:41:51
44,Lagoa,39.05,-27.9833,70.43,76,100,17.2,PT,2021-09-25 00:40:28
45,Vung Tau,10.346,107.0843,80.42,80,100,4.63,VN,2021-09-25 00:41:52
46,Antofagasta,-23.65,-70.4,58.28,73,2,2.59,CL,2021-09-25 00:41:52
47,Raudeberg,61.9875,5.1352,50.67,95,100,4.0,NO,2021-09-25 00:41:52
48,Port Elizabeth,-33.918,25.5701,53.1,93,0,1.14,ZA,2021-09-25 00:41:53
49,Torbay,47.6666,-52.7314,47.57,86,40,3.44,CA,2021-09-25 00:41:53
50,Albany,42.6001,-73.9662,62.64,77,3,3.18,US,2021-09-25 00:37:05
51,Sao Joao Da Barra,-21.6403,-41.0511,70.83,68,100,19.77,BR,2021-09-25 00:41:54
52,Aitape,-3.1374,142.3475,85.73,68,50,6.53,PG,2021-09-25 00:41:54
53,Trincomalee,8.5711,81.2335,79.45,82,95,18.99,LK,2021-09-25 00:41:54
54,Carnarvon,-24.8667,113.6333,69.87,68,40,11.5,AU,2021-09-25 00:41:55
55,Hermanus,-34.4187,19.2345,54.9,83,100,1.61,ZA,2021-09-25 00:40:25
56,Iqaluit,63.7506,-68.5145,28.13,92,20,11.01,CA,2021-09-25 00:41:55
57,Arraial Do Cabo,-22.9661,-42.0278,67.96,77,0,20.71,BR,2021-09-25 00:41:29
58,Pinega,64.7001,43.3936,46.76,94,100,7.99,RU,2021-09-25 00:41:56
59,Gamba,-2.65,10.0,75.04,90,100,4.68,GA,2021-09-25 00:41:56
60,Bluff,-46.6,168.3333,50.81,83,100,34.52,NZ,2021-09-25 00:40:29
61,Omsukchan,62.5333,155.8,47.3,48,19,3.83,RU,2021-09-25 00:41:56
62,Tongling,30.95,117.7833,81.79,63,87,3.87,CN,2021-09-25 00:41:57
63,New Norfolk,-42.7826,147.0587,47.91,63,53,7.0,AU,2021-09-25 00:41:01
64,Chaihe,44.7667,129.7,57.18,74,100,3.27,CN,2021-09-25 00:41:57
65,Itaqui,-29.1253,-56.5531,55.18,87,0,9.89,BR,2021-09-25 00:41:58
66,Karratha,-20.7377,116.8463,78.58,26,2,12.62,AU,2021-09-25 00:41:58
67,Henties Bay,-22.116,14.2845,54.86,90,4,3.38,NA,2021-09-25 00:41:59
68,Vaini,-21.2,-175.2,75.36,69,20,14.97,TO,2021-09-25 00:41:59
69,Abha,18.2164,42.5053,62.85,63,0,0.0,SA,2021-09-25 00:41:59
70,Venustiano Carranza,19.43,-99.0992,70.14,52,75,23.0,MX,2021-09-25 00:42:00
71,Hobart,-42.8794,147.3294,48.25,60,40,1.01,AU,2021-09-25 00:38:30
72,Puerto Ayora,-0.7393,-90.3518,69.76,87,100,7.23,EC,2021-09-25 00:42:00
73,Saint-Joseph,-21.3667,55.6167,68.36,78,0,10.87,RE,2021-09-25 00:42:02
74,Sept-Iles,50.2001,-66.3821,53.26,94,90,15.01,CA,2021-09-25 00:42:02
75,Provideniya,64.3833,-173.3,33.8,87,100,17.81,RU,2021-09-25 00:42:03
76,Port Lincoln,-34.7333,135.8667,56.34,55,25,13.04,AU,2021-09-25 00:42:03
77,Chicama,-7.8447,-79.1469,59.54,80,17,6.22,PE,2021-09-25 00:42:03
78,Avarua,-21.2078,-159.775,78.85,50,75,5.75,CK,2021-09-25 00:38:04
79,Bosaso,11.2842,49.1816,86.47,54,60,18.9,SO,2021-09-25 00:42:04
80,Butaritari,3.0707,172.7902,83.75,73,11,11.05,KI,2021-09-25 00:40:36
81,Saint George,37.1041,-113.5841,93.67,10,1,6.91,US,2021-09-25 00:41:01
82,Erenhot,43.6475,111.9767,66.88,56,0,10.6,CN,2021-09-25 00:42:04
83,Kolyvan,55.3053,82.7391,40.05,94,100,9.15,RU,2021-09-25 00:42:05
84,Tiksi,71.6872,128.8694,32.56,80,100,21.47,RU,2021-09-25 00:42:05
85,Sitka,57.0531,-135.33,53.49,71,90,24.16,US,2021-09-25 00:42:06
86,Leh,34.1667,77.5833,51.31,50,41,3.83,IN,2021-09-25 00:41:53
87,Chesma,53.8111,60.6533,39.25,54,96,6.71,RU,2021-09-25 00:42:07
88,Sire,12.9299,5.2043,77.94,76,35,9.69,NG,2021-09-25 00:42:07
89,Rawson,-43.3002,-65.1023,67.75,43,32,25.32,AR,2021-09-25 00:42:07
90,Constantine,36.365,6.6147,79.11,30,73,5.14,DZ,2021-09-25 00:41:40
91,Narsaq,60.9167,-46.05,34.02,45,0,5.84,GL,2021-09-25 00:42:08
92,Chaman,30.9236,66.4512,68.05,20,0,3.8,PK,2021-09-25 00:42:08
93,Mandiana,10.6333,-8.6833,75.13,88,100,0.78,GN,2021-09-25 00:42:09
94,Baykit,61.67,96.37,34.14,88,100,2.93,RU,2021-09-25 00:42:09
95,Touros,-5.1989,-35.4608,77.9,80,0,16.58,BR,2021-09-25 00:42:10
96,Hambantota,6.1241,81.1185,79.14,100,20,8.05,LK,2021-09-25 00:40:21
97,Hithadhoo,-0.6,73.0833,82.44,71,100,12.77,MV,2021-09-25 00:42:10
98,Bredasdorp,-34.5322,20.0403,47.52,93,100,3.44,ZA,2021-09-25 00:42:11
99,Manta,-0.95,-80.7333,74.98,83,40,5.75,EC,2021-09-25 00:42:11
100,Vestmannaeyjar,63.4427,-20.2734,42.58,78,93,3.94,IS,2021-09-25 00:42:12
101,Lorengau,-2.0226,147.2712,84.58,69,99,10.51,PG,2021-09-25 00:42:12
102,Saint-Augustin,51.226,-58.6502,47.43,72,19,6.8,CA,2021-09-25 00:42:13
103,Sampit,-2.5333,112.95,81.3,79,90,1.19,ID,2021-09-25 00:42:13
104,Yulara,-25.2406,130.9889,73.24,16,97,14.97,AU,2021-09-25 00:42:14
105,Nikolskoye,59.7035,30.7861,46.87,93,100,6.67,RU,2021-09-25 00:42:14
106,Grindavik,63.8424,-22.4338,40.95,93,75,8.05,IS,2021-09-25 00:42:15
107,Soroti,1.7146,33.6111,65.91,88,100,2.68,UG,2021-09-25 00:42:15
108,Kodiak,57.79,-152.4072,51.31,25,1,13.8,US,2021-09-25 00:42:15
109,Norman Wells,65.282,-126.8329,39.24,81,90,11.5,CA,2021-09-25 00:37:17
110,Ponta Do Sol,32.6667,-17.1,68.63,68,2,0.38,PT,2021-09-25 00:42:16
111,Kapaa,22.0752,-159.319,82.38,77,90,1.01,US,2021-09-25 00:42:16
112,Cabo San Lucas,22.8909,-109.9124,88.61,70,20,4.61,MX,2021-09-25 00:40:54
113,Manakara,-22.1333,48.0167,68.9,85,80,5.7,MG,2021-09-25 00:42:17
114,Yar-Sale,66.8333,70.8333,33.26,90,16,6.53,RU,2021-09-25 00:40:57
115,Atuona,-9.8,-139.0333,77.97,79,100,16.8,PF,2021-09-25 00:42:17
116,Ziro,27.6333,93.8333,59.65,91,26,2.06,IN,2021-09-25 00:42:18
117,Biggar,55.6167,-3.5167,57.54,91,98,8.7,GB,2021-09-25 00:42:18
118,Ha Giang,22.8333,104.9833,77.41,95,100,0.29,VN,2021-09-25 00:42:18
119,Zhangjiakou,40.81,114.8794,62.31,90,98,7.78,CN,2021-09-25 00:41:28
120,Kruisfontein,-34.0033,24.7314,50.88,90,46,4.97,ZA,2021-09-25 00:42:19
121,Seoul,37.5683,126.9778,69.4,75,0,4.61,KR,2021-09-25 00:42:19
122,Churachandpur,24.3333,93.6667,69.46,88,11,1.97,IN,2021-09-25 00:42:20
123,Jamestown,42.097,-79.2353,57.72,79,1,1.99,US,2021-09-25 00:42:20
124,Hamilton,39.1834,-84.5333,63.9,71,1,5.75,US,2021-09-25 00:42:20
125,Vila Franca Do Campo,37.7167,-25.4333,70.2,80,99,6.53,PT,2021-09-25 00:42:21
126,Stornoway,58.2093,-6.3865,52.93,93,75,8.05,GB,2021-09-25 00:42:21
127,Mount Isa,-20.7333,139.5,85.77,13,6,8.05,AU,2021-09-25 00:42:21
128,Cordoba,-31.4135,-64.1811,66.76,44,0,1.01,AR,2021-09-25 00:37:23
129,Victoria,22.2855,114.1577,87.22,80,71,1.01,HK,2021-09-25 00:38:15
130,Qaanaaq,77.484,-69.3632,14.38,68,25,8.19,GL,2021-09-25 00:42:22
131,Adrar,20.5022,-10.0711,88.54,20,43,5.95,MR,2021-09-25 00:42:23
132,Taltal,-25.4,-70.4833,59.7,72,13,3.6,CL,2021-09-25 00:40:20
133,Tomatlan,19.9333,-105.25,79.63,91,100,4.18,MX,2021-09-25 00:42:23
134,Severo-Kurilsk,50.6789,156.125,47.43,93,100,30.2,RU,2021-09-25 00:42:23
135,Xifeng,42.7372,124.7222,60.71,96,100,8.66,CN,2021-09-25 00:42:07
136,Wajima,37.4,136.9,72.28,64,20,11.5,JP,2021-09-25 00:41:23
137,Cherskiy,68.75,161.3,34.07,96,100,10.11,RU,2021-09-25 00:40:53
138,Ust-Nera,64.5667,143.2,47.53,52,89,7.18,RU,2021-09-25 00:42:24
139,Hobyo,5.3505,48.5268,77.07,86,74,21.79,SO,2021-09-25 00:42:24
140,Acapulco,16.8634,-99.8901,85.82,79,75,5.75,MX,2021-09-25 00:42:25
141,Sioux Lookout,50.1001,-91.917,52.18,58,75,10.36,CA,2021-09-25 00:42:26
142,Roald,62.5833,6.1333,52.9,87,75,17.27,NO,2021-09-25 00:42:26
143,Chincholi,17.4667,77.4333,73.58,91,100,3.69,IN,2021-09-25 00:42:27
144,Hirado,33.3597,129.5531,80.38,72,100,7.94,JP,2021-09-25 00:42:27
145,Saskylakh,71.9167,114.0833,31.17,88,100,12.68,RU,2021-09-25 00:42:27
146,Beira,-19.8436,34.8389,67.6,77,0,2.44,MZ,2021-09-25 00:42:28
147,Sechura,-5.5569,-80.8222,65.48,80,11,15.43,PE,2021-09-25 00:42:28
148,Katsuura,35.1333,140.3,78.19,73,68,16.4,JP,2021-09-25 00:40:17
149,Paranga,56.7039,49.4047,44.46,93,100,10.49,RU,2021-09-25 00:42:29
150,Toamasina,-18.1667,49.3833,69.8,94,75,3.44,MG,2021-09-25 00:42:29
151,Evensk,61.95,159.2333,47.3,64,15,4.21,RU,2021-09-25 00:42:29
152,Mount Gambier,-37.8333,140.7667,51.71,71,75,13.8,AU,2021-09-25 00:42:30
153,Mujiayingzi,42.1167,118.7833,61.29,88,98,5.23,CN,2021-09-25 00:42:30
154,Aklavik,68.2191,-135.0107,36.32,97,100,18.25,CA,2021-09-25 00:42:31
155,Teya,60.3778,92.6267,34.54,82,100,4.25,RU,2021-09-25 00:42:31
156,Tendukheda,23.4,79.55,74.03,95,86,4.47,IN,2021-09-25 00:42:31
157,Bethel,41.3712,-73.414,63.68,88,1,3.44,US,2021-09-25 00:40:00
158,Luderitz,-26.6481,15.1594,58.98,67,61,9.86,NA,2021-09-25 00:42:32
159,Kaitangata,-46.2817,169.8464,58.84,57,78,12.15,NZ,2021-09-25 00:42:32
160,Naze,28.3667,129.4833,83.32,79,25,13.73,JP,2021-09-25 00:42:32
161,Ribeira Grande,38.5167,-28.7,71.02,80,100,19.22,PT,2021-09-25 00:42:33
162,Flinders,-34.5833,150.8552,68.81,88,78,12.95,AU,2021-09-25 00:42:33
163,Hay River,60.8156,-115.7999,58.98,51,40,6.91,CA,2021-09-25 00:42:33
164,Vila Do Maio,15.1333,-23.2167,77.79,72,76,11.99,CV,2021-09-25 00:42:34
165,Itarema,-2.9248,-39.9167,79.0,82,19,16.02,BR,2021-09-25 00:42:34
166,Saint-Philippe,-21.3585,55.7679,69.35,81,0,10.51,RE,2021-09-25 00:41:09
167,Porto Seguro,-16.4497,-39.0647,72.12,73,40,9.22,BR,2021-09-25 00:42:35
168,Sabirabad,40.0095,48.4752,63.59,58,100,4.68,AZ,2021-09-25 00:42:35
169,Zambezi,-13.5432,23.1047,64.09,32,0,5.32,ZM,2021-09-25 00:42:36
170,Miri,4.4148,114.0089,80.74,83,20,6.91,MY,2021-09-25 00:42:36
171,Tevriz,57.509,72.4042,34.07,84,100,4.07,RU,2021-09-25 00:42:36
172,Rocha,-34.4833,-54.3333,52.74,98,45,3.27,UY,2021-09-25 00:42:37
173,Aksehir,38.3575,31.4164,50.95,52,0,1.74,TR,2021-09-25 00:42:37
174,Mayo,38.8876,-76.5119,66.22,83,1,0.0,US,2021-09-25 00:42:37
175,Leshukonskoye,64.8989,45.7622,46.53,94,100,8.34,RU,2021-09-25 00:42:38
176,Praya,14.9215,-23.5087,77.54,83,20,8.05,CV,2021-09-25 00:42:38
177,Muros,42.7762,-9.0603,64.24,92,100,5.44,ES,2021-09-25 00:42:38
178,Los Llanos De Aridane,28.6585,-17.9182,67.75,77,0,8.05,ES,2021-09-25 00:42:39
179,Carlsbad,33.1581,-117.3506,78.69,85,1,1.01,US,2021-09-25 00:42:39
180,Araouane,18.9048,-3.5265,93.96,25,67,9.17,ML,2021-09-25 00:42:39
181,Keetmanshoop,-26.5833,18.1333,68.92,14,53,2.55,NA,2021-09-25 00:42:40
182,Crotone,39.0851,17.1178,68.22,66,0,3.44,IT,2021-09-25 00:42:40
183,Cozumel,20.5083,-86.9458,84.18,84,100,1.01,MX,2021-09-25 00:42:41
184,Kabansk,52.0486,106.6528,45.09,95,100,5.37,RU,2021-09-25 00:42:41
185,Kamenka,51.3223,42.7678,46.33,82,94,7.58,RU,2021-09-25 00:42:41
186,Birjand,32.8663,59.2211,63.16,9,0,6.46,IR,2021-09-25 00:42:42
187,Komsomolskiy,40.4272,71.7189,59.72,44,0,6.91,UZ,2021-09-25 00:42:42
188,Osorno,-40.5667,-73.15,53.91,82,0,2.3,CL,2021-09-25 00:42:43
189,Veraval,20.9,70.3667,79.18,84,5,7.36,IN,2021-09-25 00:42:43
190,Dakar,14.6937,-17.4441,82.53,74,20,11.5,SN,2021-09-25 00:42:37
191,Inongo,-1.95,18.2667,68.85,92,93,2.21,CD,2021-09-25 00:42:44
192,Jumla,29.2747,82.1838,58.98,93,100,3.38,NP,2021-09-25 00:42:44
193,Dryden,49.7833,-92.7503,52.09,58,90,9.22,CA,2021-09-25 00:42:39
194,Arica,-18.475,-70.3042,59.23,82,0,2.3,CL,2021-09-25 00:39:32
195,Blackfoot,43.1905,-112.345,76.78,24,0,2.64,US,2021-09-25 00:42:45
196,Hokitika,-42.7167,170.9667,55.62,96,100,22.75,NZ,2021-09-25 00:42:03
197,Port Stanley,-51.7,-57.85,52.09,77,100,25.19,FK,2021-09-25 00:40:32
198,Voh,-20.9667,164.7,79.86,47,20,6.33,NC,2021-09-25 00:42:45
199,Pilot Butte,50.4668,-104.4178,58.73,28,40,9.22,CA,2021-09-25 00:42:46
200,Kloulklubed,7.0419,134.2556,81.1,83,100,22.03,PW,2021-09-25 00:42:46
201,Santa Fe,-31.6333,-60.7,61.75,76,0,7.9,AR,2021-09-25 00:41:01
202,Porto Novo,6.4965,2.6036,78.62,88,100,5.14,BJ,2021-09-25 00:42:47
203,Lensk,60.7253,114.9278,41.13,77,100,10.6,RU,2021-09-25 00:42:47
204,Havre-Saint-Pierre,50.2334,-63.5986,53.96,87,90,12.66,CA,2021-09-25 00:42:47
205,Ratnagiri,16.9833,73.3,75.74,91,96,4.99,IN,2021-09-25 00:42:48
206,Clyde River,70.4692,-68.5914,28.11,73,17,4.23,CA,2021-09-25 00:42:48
207,Kamennogorsk,60.9545,29.1339,44.83,89,100,7.34,RU,2021-09-25 00:42:48
208,Tilichiki,60.4667,166.1,43.68,42,98,6.33,RU,2021-09-25 00:42:49
209,Ixtapa,20.7,-105.2,85.23,79,100,1.99,MX,2021-09-25 00:40:34
210,Buchanan,5.8808,-10.0467,77.14,86,84,5.68,LR,2021-09-25 00:42:49
211,Mar Del Plata,-38.0023,-57.5575,56.08,59,0,1.01,AR,2021-09-25 00:42:49
212,Fortuna,40.5982,-124.1573,69.91,65,1,1.01,US,2021-09-25 00:42:50
213,Souillac,-20.5167,57.5167,70.36,88,75,17.27,MU,2021-09-25 00:42:50
214,Chegdomyn,51.1167,133.0167,54.99,62,100,1.72,RU,2021-09-25 00:42:51
215,Turukhansk,65.8167,87.9833,29.82,87,13,9.98,RU,2021-09-25 00:42:51
216,Bestobe,52.4994,73.0975,38.91,63,99,8.5,KZ,2021-09-25 00:42:52
217,Hervey Bay,-25.2986,152.8535,75.31,70,8,11.01,AU,2021-09-25 00:42:52
218,Bengkulu,-3.8004,102.2655,77.74,86,90,3.0,ID,2021-09-25 00:42:52
219,Iquitos,-3.7481,-73.2472,77.04,88,20,1.14,PE,2021-09-25 00:42:53
220,Sibu,2.3,111.8167,77.31,88,40,5.01,MY,2021-09-25 00:42:53
221,Aasiaat,68.7098,-52.8699,16.9,90,80,5.64,GL,2021-09-25 00:41:05
222,Kahului,20.8947,-156.47,87.82,56,1,27.63,US,2021-09-25 00:42:54
223,Lichinga,-13.3128,35.2406,59.09,72,0,9.22,MZ,2021-09-25 00:42:54
224,Honningsvag,70.9821,25.9704,46.51,86,100,17.65,NO,2021-09-25 00:41:19
225,Bambous Virieux,-20.3428,57.7575,70.21,88,75,17.27,MU,2021-09-25 00:41:48
226,Marawi,7.9986,124.2928,74.64,78,100,0.98,PH,2021-09-25 00:42:54
227,Balykshi,47.0667,51.8667,53.6,82,40,17.9,KZ,2021-09-25 00:42:55
228,Ca Mau,9.1769,105.15,79.83,84,100,3.74,VN,2021-09-25 00:42:55
229,Maniitsoq,65.4167,-52.9,32.81,55,2,4.43,GL,2021-09-25 00:40:53
230,Mwene-Ditu,-7.0,23.45,65.16,83,13,3.44,CD,2021-09-25 00:42:56
231,Ritchie,-29.038,24.6028,58.21,23,10,2.53,ZA,2021-09-25 00:42:56
232,Hun,29.1268,15.9477,73.11,63,0,7.67,LY,2021-09-25 00:42:57
233,Sibolga,1.7427,98.7792,79.81,82,100,1.45,ID,2021-09-25 00:42:57
234,Pisco,-13.7,-76.2167,62.65,82,0,10.36,PE,2021-09-25 00:42:57
235,Hojo,33.9766,132.7777,75.34,73,20,5.75,JP,2021-09-25 00:42:58
236,Sur,22.5667,59.5289,82.58,71,100,5.55,OM,2021-09-25 00:42:58
237,Benguela,-12.5763,13.4055,72.52,81,9,6.55,AO,2021-09-25 00:42:59
238,Tautira,-17.7333,-149.15,82.42,63,0,6.46,PF,2021-09-25 00:42:59
239,Santiago,-33.4569,-70.6483,66.85,46,0,17.27,CL,2021-09-25 00:42:59
240,Hasaki,35.7333,140.8333,73.8,72,69,18.21,JP,2021-09-25 00:39:14
241,Itoman,26.1247,127.6694,86.02,79,40,12.66,JP,2021-09-25 00:43:00
242,Sao Jose Dos Pinhais,-25.5347,-49.2064,60.37,88,90,5.75,BR,2021-09-25 00:38:12
243,Tandil,-37.3217,-59.1332,55.31,73,69,7.38,AR,2021-09-25 00:43:00
244,Zagorje Ob Savi,46.1318,14.9969,56.39,88,0,3.56,SI,2021-09-25 00:43:01
245,Kaeo,-35.1,173.7833,67.32,66,0,9.31,NZ,2021-09-25 00:43:01
246,Ugep,5.8086,8.0812,71.69,98,100,2.55,NG,2021-09-25 00:43:01
247,Biak,-0.9131,122.8766,80.31,72,31,6.98,ID,2021-09-25 00:43:02
248,Dicabisagan,17.0818,122.4157,86.07,66,72,6.49,PH,2021-09-25 00:43:02
249,Hami,42.8,93.45,58.86,25,81,13.13,CN,2021-09-25 00:43:03
250,Gari,59.4307,62.3497,36.75,93,6,4.14,RU,2021-09-25 00:43:03
251,Monrovia,6.3005,-10.7969,78.01,85,100,6.46,LR,2021-09-25 00:43:03
252,Portland,45.5234,-122.6762,88.39,29,20,1.01,US,2021-09-25 00:40:20
253,Linjiang,41.8069,126.9078,58.91,94,100,0.67,CN,2021-09-25 00:43:04
254,Nantucket,41.2835,-70.0995,73.51,94,20,12.66,US,2021-09-25 00:43:05
255,Srednekolymsk,67.45,153.6833,39.87,64,100,9.86,RU,2021-09-25 00:43:05
256,Iberia,29.9502,-91.7507,73.47,53,1,4.61,US,2021-09-25 00:43:05
257,Parabel,58.6978,81.4825,32.4,94,100,6.87,RU,2021-09-25 00:43:06
258,Klaksvik,62.2266,-6.589,41.92,68,100,3.24,FO,2021-09-25 00:43:06
259,Kokoda,-8.8785,147.7407,87.57,58,93,5.06,PG,2021-09-25 00:43:07
260,Skegness,53.1436,0.3363,66.34,93,57,8.03,GB,2021-09-25 00:43:07
261,Lebu,-37.6167,-73.65,51.76,94,8,3.69,CL,2021-09-25 00:43:07
262,Burnie,-41.0667,145.9167,49.35,49,90,12.75,AU,2021-09-25 00:43:08
263,Rudbar,30.15,62.6,73.81,15,0,3.09,AF,2021-09-25 00:43:08
264,College,64.8569,-147.8028,35.58,88,90,3.44,US,2021-09-25 00:43:09
265,Vardo,70.3705,31.1107,45.84,95,100,10.89,NO,2021-09-25 00:43:09
266,Nichinan,31.6,131.3667,77.95,68,23,11.7,JP,2021-09-25 00:43:09
267,Weligama,5.9667,80.4167,78.35,86,100,13.22,LK,2021-09-25 00:43:10
268,Bar Harbor,44.3876,-68.2039,70.29,91,90,8.01,US,2021-09-25 00:43:10
269,Faanui,-16.4833,-151.75,76.96,62,0,1.86,PF,2021-09-25 00:43:11
270,Nemuro,43.3236,145.575,57.63,68,0,14.88,JP,2021-09-25 00:43:11
271,Burshtyn,49.2587,24.6278,48.42,70,25,13.04,UA,2021-09-25 00:43:11
272,The Valley,18.217,-63.0578,84.06,74,53,7.87,AI,2021-09-25 00:41:08
273,Joao Camara,-5.5375,-35.8197,76.24,88,4,12.19,BR,2021-09-25 00:43:12
274,Ormara,25.2088,64.6357,81.63,79,12,10.69,PK,2021-09-25 00:43:12
275,Sedona,34.8697,-111.761,82.65,32,1,4.61,US,2021-09-25 00:43:09
276,Husavik,66.0449,-17.3389,37.31,92,100,4.34,IS,2021-09-25 00:43:13
277,Shelburne,44.0787,-80.2041,52.75,82,15,7.9,CA,2021-09-25 00:43:14
278,Salinopolis,-0.6136,-47.3561,80.22,78,98,11.14,BR,2021-09-25 00:43:14
279,Ngunguru,-35.6167,174.5,67.15,63,0,5.35,NZ,2021-09-25 00:43:14
280,Ambovombe,-25.1667,46.0833,66.58,78,0,5.55,MG,2021-09-25 00:43:15
281,Mundargi,15.2167,75.9,70.74,94,99,9.75,IN,2021-09-25 00:43:15
282,Samarai,-10.6167,150.6667,80.64,81,77,8.68,PG,2021-09-25 00:43:16
283,Praia Da Vitoria,38.7333,-27.0667,70.75,73,40,12.84,PT,2021-09-25 00:43:16
284,Basoko,1.2391,23.616,67.37,95,100,2.93,CD,2021-09-25 00:43:17
285,Le Port,-20.9373,55.2919,69.76,74,18,7.49,RE,2021-09-25 00:43:17
286,Nome,64.5011,-165.4064,39.27,87,90,9.22,US,2021-09-25 00:43:17
287,Mangrol,21.1167,70.1167,79.39,84,13,8.3,IN,2021-09-25 00:43:09
288,Ketchikan,55.3422,-131.6461,55.87,88,75,5.75,US,2021-09-25 00:43:18
289,Sinnamary,5.3833,-52.95,79.95,86,100,9.35,GF,2021-09-25 00:43:18
290,Mahon,39.8885,4.2658,75.76,94,75,3.44,ES,2021-09-25 00:40:34
291,Nizhnyaya Tura,58.6293,59.8118,39.24,94,83,3.36,RU,2021-09-25 00:43:19
292,Luanda,-8.8368,13.2343,72.5,89,1,10.33,AO,2021-09-25 00:39:44
293,Kresek,-6.1314,106.3797,87.57,73,32,8.88,ID,2021-09-25 00:43:19
294,Lazaro Cardenas,17.9583,-102.2,81.63,81,45,4.18,MX,2021-09-25 00:43:20
295,Preston,53.7667,-2.7167,65.73,98,100,6.87,GB,2021-09-25 00:40:00
296,Tateyama,34.9833,139.8667,78.1,71,72,15.41,JP,2021-09-25 00:43:20
297,Verkhoyansk,67.5447,133.385,39.92,60,100,7.14,RU,2021-09-25 00:43:20
298,Alofi,-19.0595,-169.9187,75.09,94,10,11.5,NU,2021-09-25 00:42:20
299,Garwolin,51.8975,21.6147,55.53,78,100,11.34,PL,2021-09-25 00:43:21
300,Beringovskiy,63.05,179.3167,32.83,93,100,23.82,RU,2021-09-25 00:43:21
301,Helong,42.5397,128.9972,63.3,70,100,3.15,CN,2021-09-25 00:43:22
302,Zhigansk,66.7697,123.3711,35.94,73,100,15.5,RU,2021-09-25 00:43:22
303,Abapo,-18.8333,-63.4667,70.02,40,97,1.86,BO,2021-09-25 00:43:22
304,Yongchang,30.0381,119.7317,76.62,64,6,1.72,CN,2021-09-25 00:43:23
305,Chauk,20.8833,94.8167,79.39,85,100,4.25,MM,2021-09-25 00:43:23
306,Hammond,41.5834,-87.5,75.22,49,1,8.01,US,2021-09-25 00:42:43
307,Georgiyevka,43.0369,74.7114,42.84,49,0,4.47,KZ,2021-09-25 00:43:24
308,Pervomayskoye,43.919,46.7102,56.46,78,100,1.59,RU,2021-09-25 00:43:24
309,Ancud,-41.8697,-73.8203,51.42,93,100,7.96,CL,2021-09-25 00:43:24
310,Skjervoy,70.0311,20.9714,47.05,83,100,18.63,NO,2021-09-25 00:43:25
311,Bocas Del Toro,9.3333,-82.25,81.07,75,100,1.61,PA,2021-09-25 00:43:25
312,Chernyshevskiy,63.0128,112.4714,37.17,85,100,6.82,RU,2021-09-25 00:43:26
313,Akyab,20.15,92.9,80.04,87,100,11.74,MM,2021-09-25 00:43:26
314,San Quintin,30.4833,-115.95,70.38,74,56,8.37,MX,2021-09-25 00:43:26
315,Lavrentiya,65.5833,-171.0,32.29,94,100,23.62,RU,2021-09-25 00:43:27
316,Korla,41.7597,86.1469,60.75,26,1,7.61,CN,2021-09-25 00:43:27
317,Vila Velha,-20.3297,-40.2925,69.75,73,75,5.75,BR,2021-09-25 00:39:44
318,Levelland,33.5873,-102.378,81.45,29,100,11.72,US,2021-09-25 00:43:28
319,Quatre Cocos,-20.2078,57.7625,70.09,78,72,20.13,MU,2021-09-25 00:43:28
320,Ahipara,-35.1667,173.1667,60.93,66,7,7.99,NZ,2021-09-25 00:43:28
321,Egvekinot,66.3167,-179.1667,23.83,73,45,11.97,RU,2021-09-25 00:43:29
322,Ust-Kut,56.7938,105.7672,38.68,98,100,2.62,RU,2021-09-25 00:43:29
323,Mackenzie,55.2999,-123.1698,53.82,66,90,9.22,CA,2021-09-25 00:43:30
324,Chabahar,25.2919,60.643,80.71,86,99,2.64,IR,2021-09-25 00:43:30
325,Deputatskiy,69.3,139.9,30.9,73,100,10.56,RU,2021-09-25 00:41:41
326,Tabuk,17.4189,121.4443,82.02,74,17,2.28,PH,2021-09-25 00:43:31
327,Atar,20.5169,-13.0499,90.28,20,17,5.06,MR,2021-09-25 00:43:31
328,Vitim,59.4511,112.5578,44.38,65,60,2.24,RU,2021-09-25 00:43:31
329,Gizo,-8.103,156.8419,83.8,72,62,5.99,SB,2021-09-25 00:43:32
330,Shingu,33.7333,135.9833,77.99,67,16,9.73,JP,2021-09-25 00:43:32
331,Takoradi,4.8845,-1.7554,75.96,93,100,6.87,GH,2021-09-25 00:43:33
332,Tarko-Sale,64.9225,77.785,30.31,90,8,11.41,RU,2021-09-25 00:43:33
333,Nhulunbuy,-12.2333,136.7667,86.61,51,100,13.8,AU,2021-09-25 00:41:36
334,Sandwick,60.0,-1.25,51.62,76,40,11.5,GB,2021-09-25 00:43:33
335,Batagay,67.6333,134.6333,38.19,63,100,7.54,RU,2021-09-25 00:43:34
336,Longyearbyen,78.2186,15.6401,40.84,93,75,3.44,SJ,2021-09-25 00:41:03
337,Okhotsk,59.3833,143.3,54.5,59,38,1.9,RU,2021-09-25 00:43:34
338,Hagere Selam,6.4833,38.5167,48.2,98,100,3.67,ET,2021-09-25 00:43:35
339,San Ignacio,17.1561,-89.0714,74.55,95,100,3.33,BZ,2021-09-25 00:43:35
340,Nankana Sahib,31.4475,73.6972,80.85,72,0,4.38,PK,2021-09-25 00:43:36
341,Nouadhibou,20.931,-17.0347,70.63,87,0,20.4,MR,2021-09-25 00:43:36
342,Dois Vizinhos,-25.7336,-53.0572,61.03,82,0,4.92,BR,2021-09-25 00:43:36
343,Sanchursk,56.9413,47.2499,45.88,96,100,10.47,RU,2021-09-25 00:43:37
344,Saint Anthony,45.0205,-93.218,58.71,62,20,1.01,US,2021-09-25 00:43:37
345,Itamarandiba,-17.8572,-42.8589,59.34,77,0,3.24,BR,2021-09-25 00:43:37
346,Tatawin,32.9297,10.4518,81.48,53,6,6.08,TN,2021-09-25 00:43:38
347,Vostok,46.4856,135.8833,56.34,51,99,2.13,RU,2021-09-25 00:43:38
348,Siverskiy,59.3544,30.0783,45.48,96,100,6.51,RU,2021-09-25 00:43:39
349,Sola,-13.8833,167.55,81.27,89,90,0.0,VU,2021-09-25 00:43:39
350,Grand Gaube,-20.0064,57.6608,70.38,76,79,7.0,MU,2021-09-25 00:43:39
351,Krasnoselkup,65.7,82.4667,30.18,91,7,10.6,RU,2021-09-25 00:43:40
352,Lompoc,34.6391,-120.4579,80.13,80,1,11.5,US,2021-09-25 00:38:43
353,Basco,20.4487,121.9702,84.76,74,34,17.98,PH,2021-09-25 00:41:38
354,Vershino-Darasunskiy,52.35,115.5167,43.72,75,100,2.37,RU,2021-09-25 00:43:40
355,Kaabong,3.4836,34.1492,66.99,69,100,5.66,UG,2021-09-25 00:43:41
356,Marabba,12.35,32.1833,75.78,86,100,6.87,SD,2021-09-25 00:43:41
357,Mumford,5.2618,-0.759,76.53,90,93,9.46,GH,2021-09-25 00:43:42
358,Lata,40.1629,-8.3327,63.81,91,100,4.29,PT,2021-09-25 00:42:11
359,Ube,33.9431,131.2511,79.23,73,20,8.05,JP,2021-09-25 00:43:42
360,Leningradskiy,69.3833,178.4167,27.37,78,100,8.08,RU,2021-09-25 00:43:42
361,Aksu,41.1231,80.2644,63.7,31,0,7.09,CN,2021-09-25 00:43:43
362,Vrakhation,37.959,22.8057,62.83,58,43,4.54,GR,2021-09-25 00:43:43
363,Ranot,7.7777,100.3213,81.12,79,100,8.25,TH,2021-09-25 00:43:44
364,Cuamba,-14.8031,36.5372,71.53,58,89,2.75,MZ,2021-09-25 00:43:44
365,Salalah,17.0151,54.0924,80.69,83,40,4.61,OM,2021-09-25 00:38:54
366,Te Anau,-45.4167,167.7167,45.01,92,100,12.44,NZ,2021-09-25 00:43:44
367,Namibe,-15.1961,12.1522,65.28,91,51,5.48,AO,2021-09-25 00:42:02
368,Skibbereen,51.55,-9.2667,60.6,95,100,6.2,IE,2021-09-25 00:43:45
369,Kalmunai,7.4167,81.8167,79.36,83,97,5.86,LK,2021-09-25 00:43:45
370,Imbituba,-28.24,-48.6703,65.82,88,100,1.45,BR,2021-09-25 00:43:46
371,Halifax,44.6453,-63.5724,66.25,95,30,4.0,CA,2021-09-25 00:43:46
372,Emerald,-23.5333,148.1667,77.34,43,0,8.05,AU,2021-09-25 00:43:46
373,Kasongo-Lunda,-6.4667,16.8167,71.96,77,39,1.48,CD,2021-09-25 00:43:47
374,Talara,-4.5772,-81.2719,64.83,88,17,14.03,PE,2021-09-25 00:43:47
375,Qasigiannguit,68.8193,-51.1922,25.05,86,100,5.64,GL,2021-09-25 00:43:47
376,Mehamn,71.0357,27.8492,45.19,90,100,10.89,NO,2021-09-25 00:43:48
377,Don Sak,9.3168,99.6918,83.14,78,100,7.38,TH,2021-09-25 00:43:48
378,Wilmington,34.2257,-77.9447,71.85,77,75,4.61,US,2021-09-25 00:43:48
379,Faya,18.3851,42.4509,63.12,59,93,2.75,SA,2021-09-25 00:43:49
380,Mikkeli,61.6886,27.2723,44.71,100,90,5.75,FI,2021-09-25 00:43:49
381,Gangapur,26.4833,76.7167,77.67,87,13,5.77,IN,2021-09-25 00:43:49
382,Gravdal,68.1214,13.5031,46.9,77,100,7.85,NO,2021-09-25 00:43:50
383,Moranbah,-22.0016,148.0466,78.19,32,0,6.04,AU,2021-09-25 00:40:59
384,Najran,17.4924,44.1277,88.45,23,13,0.87,SA,2021-09-25 00:40:48
385,Pampa,35.5362,-100.9599,88.75,24,1,8.05,US,2021-09-25 00:38:58
386,Avera,33.194,-82.5271,65.71,51,0,4.12,US,2021-09-25 00:43:51
387,Malakal,9.5334,31.6605,69.53,95,100,4.27,SS,2021-09-25 00:43:51
388,Davila,18.4726,120.5763,80.58,69,99,9.62,PH,2021-09-25 00:43:52
389,Dikson,73.5069,80.5464,35.92,87,100,15.57,RU,2021-09-25 00:43:52
390,Bargarh,21.3333,83.6167,76.98,91,83,2.44,IN,2021-09-25 00:43:52
391,Mirabad,30.4362,61.8383,75.56,14,0,8.72,AF,2021-09-25 00:43:53
392,Rolla,37.9514,-91.7713,71.89,59,1,1.99,US,2021-09-25 00:43:53
393,Walvis Bay,-22.9575,14.5053,55.09,93,0,3.44,NA,2021-09-25 00:43:53
394,Sorgun,39.8101,35.186,47.77,54,12,5.41,TR,2021-09-25 00:43:54
395,Port Hawkesbury,45.6169,-61.3485,64.58,97,90,4.0,CA,2021-09-25 00:43:54
396,Dakoro,14.5106,6.765,85.66,39,11,6.33,NE,2021-09-25 00:43:55
397,Lusambo,-4.9667,23.45,68.18,95,39,0.74,CD,2021-09-25 00:43:55
398,Asau,46.4333,26.4,46.76,96,100,4.97,RO,2021-09-25 00:43:55
399,Shimoda,34.6667,138.95,73.76,77,37,15.68,JP,2021-09-25 00:43:56
400,San Jeronimo,-11.9472,-75.2829,50.02,75,52,2.68,PE,2021-09-25 00:41:30
401,Kampene,-3.6,26.6667,67.03,98,99,2.42,CD,2021-09-25 00:43:56
402,Port Hedland,-20.3167,118.5667,77.05,73,69,8.05,AU,2021-09-25 00:43:57
403,Labuhan,-6.8844,112.2051,82.47,71,40,6.02,ID,2021-09-25 00:42:48
404,Sao Filipe,14.8961,-24.4956,78.21,74,100,5.21,CV,2021-09-25 00:41:59
405,Necochea,-38.5473,-58.7368,55.04,87,0,11.18,AR,2021-09-25 00:43:57
406,Castrovillari,39.8203,16.2123,54.1,46,0,2.39,IT,2021-09-25 00:43:58
407,Clearlake,38.9582,-122.6264,90.82,21,0,8.81,US,2021-09-25 00:43:58
408,Bubaque,11.2833,-15.8333,80.71,78,75,3.44,GW,2021-09-25 00:43:59
409,Inhambane,-23.865,35.3833,67.37,74,0,5.26,MZ,2021-09-25 00:44:00
410,Esperance,-33.8667,121.9,53.44,59,64,16.4,AU,2021-09-25 00:44:00
411,Kouroussa,10.65,-9.8833,73.13,92,100,0.36,GN,2021-09-25 00:44:00
412,Tahta,26.7693,31.5021,77.32,42,0,9.42,EG,2021-09-25 00:44:01
413,Serro,-18.6047,-43.3794,62.73,70,1,5.23,BR,2021-09-25 00:44:01
414,Kununurra,-15.7667,128.7333,82.38,20,44,3.44,AU,2021-09-25 00:44:02
415,Nyurba,63.2842,118.3319,41.31,68,17,3.65,RU,2021-09-25 00:44:02
416,Vanimo,-2.6741,141.3028,84.49,68,80,7.83,PG,2021-09-25 00:41:19
417,Caravelas,-17.7125,-39.2481,70.56,72,98,7.9,BR,2021-09-25 00:44:03
418,Tuatapere,-46.1333,167.6833,50.83,85,100,15.28,NZ,2021-09-25 00:44:03
419,San Cristobal,7.7669,-72.225,75.38,96,99,3.69,VE,2021-09-25 00:44:03
420,Talnakh,69.4865,88.3972,33.17,69,69,1.52,RU,2021-09-25 00:44:04
421,Pontianak,-0.0333,109.3333,78.78,94,20,3.44,ID,2021-09-25 00:44:04
422,Isangel,-19.55,169.2667,77.11,69,90,0.0,VU,2021-09-25 00:44:04
423,Huarmey,-10.0681,-78.1522,63.9,83,100,9.22,PE,2021-09-25 00:40:35
424,East London,-33.0153,27.9116,60.26,76,10,6.35,ZA,2021-09-25 00:44:05
425,Jatiroto,-7.8833,111.1167,79.99,74,72,1.97,ID,2021-09-25 00:44:05
426,Uttaradit,17.6667,100.5,74.16,97,100,3.44,TH,2021-09-25 00:44:06
427,Constitucion,-35.3333,-72.4167,52.5,90,2,0.74,CL,2021-09-25 00:39:34
428,Callaguip,18.0714,120.4867,80.62,83,40,0.0,PH,2021-09-25 00:44:06
429,Rogovatoye,51.23,38.3818,46.09,91,100,8.75,RU,2021-09-25 00:44:07
430,Zonguldak,41.25,31.8333,51.82,60,100,6.6,TR,2021-09-25 00:44:07
431,Sorland,67.667,12.6934,49.32,74,100,13.65,NO,2021-09-25 00:44:08
432,Ambanja,-13.6833,48.45,68.88,83,0,3.56,MG,2021-09-25 00:44:08
433,Slave Lake,55.2834,-114.769,64.38,55,1,13.8,CA,2021-09-25 00:44:09
434,Pontivy,48.0,-3.0,60.24,93,0,5.88,FR,2021-09-25 00:44:09
435,Korem,12.5058,39.5228,55.27,75,93,2.01,ET,2021-09-25 00:44:09
436,Nanakuli,21.3906,-158.1547,89.55,65,75,9.22,US,2021-09-25 00:44:10
437,Kavaratti,10.5669,72.642,81.39,78,100,14.7,IN,2021-09-25 00:44:10
438,Roma,43.2128,-75.4557,59.4,91,1,0.0,US,2021-09-25 00:44:11
439,Barra,-11.0894,-43.1417,82.51,50,74,9.06,BR,2021-09-25 00:44:11
440,Berdigestyakh,62.0989,126.6992,39.0,78,7,9.33,RU,2021-09-25 00:44:11
441,Melfort,52.8667,-104.6177,57.33,30,73,4.61,CA,2021-09-25 00:44:12
442,Saldanha,-33.0117,17.9442,46.45,86,100,4.47,ZA,2021-09-25 00:40:37
443,Luau,-10.7073,22.2247,71.85,28,61,5.86,AO,2021-09-25 00:44:14
444,Pemberton,50.3164,-122.8027,73.09,64,29,4.79,CA,2021-09-25 00:44:14
445,Mildura,-34.2,142.15,55.08,54,90,9.22,AU,2021-09-25 00:44:15
446,Chumikan,54.7183,135.315,58.53,58,30,17.78,RU,2021-09-25 00:44:15
447,Devarkonda,16.7,78.9333,75.47,88,99,8.32,IN,2021-09-25 00:44:16
448,Ginir,7.1333,40.7,60.51,71,100,5.26,ET,2021-09-25 00:44:16
449,Tyukhtet,56.5389,89.3011,34.63,98,100,9.4,RU,2021-09-25 00:44:16
450,Waitara,-38.925,174.25,60.71,74,98,10.11,NZ,2021-09-25 00:44:17
451,Gannan,47.9147,123.5031,54.03,86,100,4.07,CN,2021-09-25 00:44:17
452,Mizdah,31.4451,12.9801,69.55,76,5,4.9,LY,2021-09-25 00:44:18
453,Bowen,-20.0167,148.2333,77.22,63,5,10.16,AU,2021-09-25 00:44:18
454,Bud,39.447,-86.1758,66.34,77,100,8.21,US,2021-09-25 00:44:19
455,Rio Gallegos,-51.6226,-69.2181,55.45,50,75,23.02,AR,2021-09-25 00:42:08
456,Kondinskoye,59.6481,67.41,35.8,87,2,5.23,RU,2021-09-25 00:44:19
457,Igarka,67.4667,86.5833,32.34,77,14,7.65,RU,2021-09-25 00:44:20
458,Doctor Phillips,28.4495,-81.4923,81.09,73,20,3.0,US,2021-09-25 00:44:20
459,Flin Flon,54.7682,-101.865,46.02,72,99,3.8,CA,2021-09-25 00:41:25
460,Les Cayes,18.2,-73.75,79.05,80,100,2.77,HT,2021-09-25 00:44:21
461,Beidao,34.5686,105.8933,64.96,91,100,3.36,CN,2021-09-25 00:44:21
462,Nador,35.174,-2.9287,71.67,94,20,6.91,MA,2021-09-25 00:44:21
463,Canatlan,24.5167,-104.7833,70.32,82,96,5.44,MX,2021-09-25 00:44:22
464,Yambio,4.5721,28.3955,66.72,97,95,3.02,SS,2021-09-25 00:44:22
465,Monywa,22.1167,95.1333,79.86,84,40,4.21,MM,2021-09-25 00:44:23
466,Taoudenni,22.6783,-3.9836,96.89,12,14,5.97,ML,2021-09-25 00:44:23
467,Godo,35.4167,136.6,82.06,91,21,3.87,JP,2021-09-25 00:44:23
468,General Roca,-39.0333,-67.5833,79.2,22,0,24.2,AR,2021-09-25 00:44:24
469,Choma,-16.8065,26.9531,62.69,44,0,5.28,ZM,2021-09-25 00:44:24
470,Asfi,32.2994,-9.2372,66.81,77,0,0.96,MA,2021-09-25 00:44:24
471,Wonthaggi,-38.6044,145.5913,54.43,48,85,14.09,AU,2021-09-25 00:44:25
472,Mogadishu,2.0371,45.3438,77.29,86,51,16.4,SO,2021-09-25 00:40:01
473,Fez,34.0372,-4.9998,68.25,72,40,3.44,MA,2021-09-25 00:43:04
474,Belmonte,-15.8631,-38.8828,72.1,78,60,8.01,BR,2021-09-25 00:44:25
475,Awbari,26.5921,12.7805,79.93,26,0,7.96,LY,2021-09-25 00:44:26
476,Yeniseysk,58.4497,92.1703,35.58,91,100,6.87,RU,2021-09-25 00:44:26
477,Obo,5.3998,26.4869,65.32,99,100,3.27,CF,2021-09-25 00:44:27
478,Pauini,-7.7136,-66.9764,76.89,74,37,3.38,BR,2021-09-25 00:44:27
479,Anamur,36.0751,32.8369,62.62,32,0,5.86,TR,2021-09-25 00:44:28
480,Rochegda,62.8,43.25,45.99,97,100,6.08,RU,2021-09-25 00:44:28
481,Ponnani,10.767,75.9252,78.12,88,100,7.45,IN,2021-09-25 00:44:28
482,Anito,12.4497,125.2886,84.67,78,52,5.64,PH,2021-09-25 00:44:29
483,Paamiut,61.994,-49.6678,32.07,51,0,19.57,GL,2021-09-25 00:44:29
484,Kuzhener,56.8111,48.9128,44.47,94,100,11.68,RU,2021-09-25 00:44:30
485,Sao Francisco De Paula,-29.4481,-50.5836,53.47,91,63,0.74,BR,2021-09-25 00:44:30
486,Pemagatsel,27.0319,91.4266,63.36,82,11,3.42,BT,2021-09-25 00:44:30
487,Itanhandu,-22.2958,-44.9347,61.27,73,26,4.36,BR,2021-09-25 00:44:31
488,Aripuana,-9.1667,-60.6333,74.39,86,87,2.66,BR,2021-09-25 00:44:31
489,Litovko,49.2361,135.1742,60.13,54,99,4.14,RU,2021-09-25 00:44:32
490,Seara,41.1818,-7.8003,62.87,74,100,3.13,PT,2021-09-25 00:44:32
491,Colares,38.7992,-9.4469,66.29,75,7,1.01,PT,2021-09-25 00:44:32
492,Acarau,-2.8856,-40.12,79.12,82,14,17.45,BR,2021-09-25 00:40:02
493,Yumen,40.2833,97.2,53.46,50,15,11.9,CN,2021-09-25 00:44:33
494,Matay,28.419,30.7792,70.02,54,0,11.34,EG,2021-09-25 00:44:33
495,Ningxiang,37.34,111.2052,60.44,80,99,18.97,CN,2021-09-25 00:44:33
496,Koumac,-20.5667,164.2833,75.27,59,27,6.64,NC,2021-09-25 00:44:34
497,Westport,41.1415,-73.3579,69.58,84,27,1.99,US,2021-09-25 00:44:34
498,Viseu,40.661,-7.9097,58.89,89,94,2.71,PT,2021-09-25 00:44:34
499,Toppenish,46.3774,-120.3087,81.86,36,7,4.27,US,2021-09-25 00:44:35
500,Yeghegnavan,39.838,44.6253,52.2,76,92,5.48,AM,2021-09-25 00:44:35
501,Yuli,9.6989,10.2744,72.36,89,25,3.06,NG,2021-09-25 00:44:36
502,Calabozo,8.9242,-67.4293,73.11,95,92,4.12,VE,2021-09-25 00:44:36
503,Sindi,20.8,78.8667,79.68,92,100,1.5,IN,2021-09-25 00:44:37
504,Nakonde,-9.3421,32.745,59.23,75,79,7.87,ZM,2021-09-25 00:44:37
505,Salta,-24.7859,-65.4117,63.19,44,0,3.0,AR,2021-09-25 00:41:06
506,Kokuy,52.2037,117.5529,51.3,60,89,3.33,RU,2021-09-25 00:44:38
507,Wexford,52.3342,-6.4575,62.58,93,100,4.68,IE,2021-09-25 00:44:38
508,Olga,43.7444,135.2892,62.87,58,100,2.1,RU,2021-09-25 00:44:39
509,Orotukan,62.2667,151.7,45.66,53,40,3.47,RU,2021-09-25 00:44:39
510,Sabang,5.8933,95.3214,82.4,75,49,14.58,ID,2021-09-25 00:44:40
511,Linguere,15.3953,-15.1193,82.62,94,0,2.3,SN,2021-09-25 00:44:40
512,Bathsheba,13.2167,-59.5167,83.01,78,40,6.91,BB,2021-09-25 00:44:41
513,Kasane,-17.8167,25.15,67.12,38,0,5.66,BW,2021-09-25 00:44:41
514,Sterling,39.0062,-77.4286,63.97,83,1,0.0,US,2021-09-25 00:44:42
515,Tiznit,29.5833,-9.5,61.92,80,0,1.34,MA,2021-09-25 00:44:42
516,Aromashevo,56.8602,68.6375,37.83,86,4,4.97,RU,2021-09-25 00:44:43
517,Heze,35.2431,115.4411,65.86,97,100,12.06,CN,2021-09-25 00:44:43
518,Ahuimanu,21.4447,-157.8378,89.31,68,40,12.66,US,2021-09-25 00:44:44
519,Severobaykalsk,55.65,109.3167,45.88,67,100,5.03,RU,2021-09-25 00:44:44
520,Barabai,-2.5833,115.3833,82.0,77,100,0.51,ID,2021-09-25 00:44:45
521,Vestmanna,62.1564,-7.1664,40.12,93,90,1.14,FO,2021-09-25 00:44:45
522,Sobolevo,54.4299,31.8996,44.31,98,98,4.45,RU,2021-09-25 00:44:45
523,Riacho De Santana,-13.6092,-42.9389,77.52,45,47,13.18,BR,2021-09-25 00:44:46
524,Tinskoy,56.1525,96.9161,34.57,87,23,2.8,RU,2021-09-25 00:44:46
525,Port Victoria,0.0939,33.9756,67.32,81,99,8.01,KE,2021-09-25 00:44:46
526,Khuldabad,20.05,75.1833,70.72,94,86,4.21,IN,2021-09-25 00:44:47
527,Ayan,56.45,138.1667,58.06,53,18,1.97,RU,2021-09-25 00:44:47
528,Catia La Mar,10.6038,-67.0303,80.22,86,36,7.34,VE,2021-09-25 00:44:48
529,Celestun,20.8667,-90.4,80.47,78,99,7.16,MX,2021-09-25 00:44:48
530,Saint-Pierre,-21.3393,55.4781,69.44,73,0,4.61,RE,2021-09-25 00:44:48
531,Geraldton,-28.7667,114.6,63.01,51,0,9.22,AU,2021-09-25 00:44:49
532,Buala,-8.145,159.5921,85.26,69,100,8.12,SB,2021-09-25 00:44:49
533,Morehead,37.2711,-87.1764,65.91,80,1,0.0,US,2021-09-25 00:44:50
534,Borujerd,33.8973,48.7516,59.22,41,0,3.71,IR,2021-09-25 00:44:50
535,Chapayeve,49.3662,35.8749,48.02,97,99,5.95,UA,2021-09-25 00:44:50
536,Bantou,26.2151,117.4893,82.54,56,0,2.86,CN,2021-09-25 00:44:51
537,Almaznyy,48.0448,40.045,51.94,93,100,9.42,RU,2021-09-25 00:44:51
538,Bergen,60.392,5.328,52.65,88,75,9.22,NO,2021-09-25 00:44:51
539,Meadow Lake,34.8014,-106.5436,81.84,34,6,9.35,US,2021-09-25 00:44:52
540,Kungsbacka,57.4872,12.0761,57.25,82,14,24.0,SE,2021-09-25 00:41:40
541,Kristiinankaupunki,62.2743,21.376,47.17,87,100,3.83,FI,2021-09-25 00:44:52
542,Kisangani,0.5167,25.2,67.15,99,100,2.19,CD,2021-09-25 00:44:53
543,Shache,38.4167,77.2406,66.72,17,0,7.34,CN,2021-09-25 00:44:53
544,Comodoro Rivadavia,-45.8667,-67.5,66.06,42,0,5.75,AR,2021-09-25 00:44:54
545,Moelv,60.9333,10.7,39.87,92,100,3.09,NO,2021-09-25 00:44:54
546,Auch,43.65,0.5833,64.31,91,97,3.0,FR,2021-09-25 00:44:54
547,North Bend,43.4065,-124.2243,74.91,84,1,11.5,US,2021-09-25 00:44:55
548,Clarence Town,-32.5833,151.7833,79.05,28,0,6.6,AU,2021-09-25 00:41:48
549,Vanavara,60.34,102.2797,33.75,61,12,2.44,RU,2021-09-25 00:44:56
550,Tual,-5.6667,132.75,80.44,82,43,17.2,ID,2021-09-25 00:44:56
551,Awjilah,29.1081,21.2869,70.3,57,0,7.96,LY,2021-09-25 00:40:29
552,Lahan,26.7296,86.4951,81.36,77,15,2.89,NP,2021-09-25 00:44:57
553,Durant,33.994,-96.3708,77.52,44,1,4.61,US,2021-09-25 00:44:57
554,Meulaboh,4.1363,96.1285,78.13,85,100,4.92,ID,2021-09-25 00:44:58
555,Vaasa,63.096,21.6158,44.94,100,90,5.75,FI,2021-09-25 00:44:58
556,Jardim,-21.4803,-56.1381,78.66,40,0,4.9,BR,2021-09-25 00:41:20
557,Bereda,43.2686,-7.5406,58.91,100,68,2.21,ES,2021-09-25 00:44:58
558,Kajaani,64.2273,27.7285,44.65,81,90,6.91,FI,2021-09-25 00:44:59
559,Batagay-Alyta,67.8006,130.4114,31.66,79,68,2.1,RU,2021-09-25 00:44:59
560,Sangar,63.9242,127.4739,38.7,89,100,9.04,RU,2021-09-25 00:45:00
561,Kostomuksha,64.571,30.5767,42.12,94,93,7.63,RU,2021-09-25 00:45:00
562,Puerto Escondido,15.85,-97.0667,81.45,81,100,1.1,MX,2021-09-25 00:45:01
563,Gat,31.61,34.7642,72.28,59,62,4.05,IL,2021-09-25 00:45:01
564,Qadirpur Ran,30.2924,71.6712,82.29,69,0,3.96,PK,2021-09-25 00:45:02
