,City,Lat,Lng,Max Temp,Humidity,Cloudiness,Wind Speed,Country,Date
0,Tambopata,-12.7333,-69.1833,85.95,44,92,1.36,PE,2021-09-27 02:42:14
1,Yellowknife,62.456,-114.3525,42.57,87,20,4.61,CA,2021-09-27 02:34:29
2,Hobart,-42.8794,147.3294,59.11,47,20,4,AU,2021-09-27 02:38:28
3,Puerto Ayora,-0.7393,-90.3518,69.22,90,87,6.91,EC,2021-09-27 02:38:11
4,Punta Arenas,-53.15,-70.9167,41.11,81,0,12.66,CL,2021-09-27 02:37:33
5,Rikitea,-23.1203,-134.9692,73.65,72,33,19.6,PF,2021-09-27 02:38:14
6,Darhan,49.4867,105.9228,46.17,51,93,2.57,MN,2021-09-27 02:42:15
7,Kapaa,22.0752,-159.319,84.18,75,40,7,US,2021-09-27 02:35:42
8,Arraial Do Cabo,-22.9661,-42.0278,71.08,87,86,22.15,BR,2021-09-27 02:42:16
9,Pevek,69.7008,170.3133,31.89,89,100,23.04,RU,2021-09-27 02:38:26
10,Upernavik,72.7868,-56.1549,23.67,63,0,4.12,GL,2021-09-27 02:42:16
11,Llata,-9.4167,-76.7833,51.75,81,71,2.28,PE,2021-09-27 02:42:17
12,Vaini,-21.2,-175.2,77.16,78,75,5.75,TO,2021-09-27 02:39:49
13,Hilo,19.7297,-155.09,80.33,86,90,12.66,US,2021-09-27 02:38:27
14,Pringsewu,-5.3582,104.9744,87.76,59,85,3.42,ID,2021-09-27 02:42:17
15,Nikolskoye,59.7035,30.7861,47.88,98,72,3.94,RU,2021-09-27 02:42:18
16,Busselton,-33.65,115.3333,63.09,75,64,12.41,AU,2021-09-27 02:35:41
17,Bredasdorp,-34.5322,20.0403,56.52,88,39,1.14,ZA,2021-09-27 02:42:18
18,Castro,-24.7911,-50.0119,61.03,83,1,5.57,BR,2021-09-27 02:42:19
19,Davila,18.4726,120.5763,89.58,69,5,7.38,PH,2021-09-27 02:42:19
20,Dikson,73.5069,80.5464,35.53,86,76,24.67,RU,2021-09-27 02:35:56
21,Atuona,-9.8,-139.0333,78.08,73,5,18.81,PF,2021-09-27 02:38:12
22,Safranbolu,41.2508,32.6942,51.33,78,0,1.36,TR,2021-09-27 02:42:20
23,Tiksi,71.6872,128.8694,34.39,90,100,12.08,RU,2021-09-27 02:42:20
24,Tatawin,32.9297,10.4518,76.08,66,9,2.53,TN,2021-09-27 02:42:20
25,Souillac,-20.5167,57.5167,71.37,94,75,18.41,MU,2021-09-27 02:38:41
26,Hermanus,-34.4187,19.2345,57.9,90,45,2.64,ZA,2021-09-27 02:38:20
27,Barrow,71.2906,-156.7887,23.02,80,1,14.97,US,2021-09-27 02:33:27
28,Mar Del Plata,-38.0023,-57.5575,53.1,68,90,11.99,AR,2021-09-27 02:42:21
29,Ilulissat,69.2167,-51.1,21.22,42,1,4.61,GL,2021-09-27 02:37:55
30,Taoudenni,22.6783,-3.9836,89.82,12,7,8.7,ML,2021-09-27 02:39:45
31,New Norfolk,-42.7826,147.0587,58.75,35,50,4.25,AU,2021-09-27 02:36:36
32,Willowmore,-33.2926,23.4895,52.66,92,19,2.66,ZA,2021-09-27 02:42:22
33,Bethel,41.3712,-73.414,61.81,83,1,0,US,2021-09-27 02:42:22
34,Bayan,46.0833,127.4,62.74,94,100,14.03,CN,2021-09-27 02:42:23
35,Bluff,-46.6,168.3333,53.8,54,5,6.73,NZ,2021-09-27 02:36:29
36,Thompson,55.7435,-97.8558,46.56,93,20,0,CA,2021-09-27 02:39:52
37,Mataura,-46.1927,168.8643,53.47,34,4,2.06,NZ,2021-09-27 02:38:17
38,Inhambane,-23.865,35.3833,70.81,89,0,7.11,MZ,2021-09-27 02:42:23
39,Georgetown,5.4112,100.3354,84.13,76,20,1.01,MY,2021-09-27 02:36:56
40,Kasongo-Lunda,-6.4667,16.8167,71.31,89,100,0.83,CD,2021-09-27 02:42:24
41,Miyang,24.4042,103.4428,73.42,69,18,3.56,CN,2021-09-27 02:42:24
42,Lasa,46.6166,10.7002,59.88,95,85,3.94,IT,2021-09-27 02:42:25
43,Amapa,1,-52,73,89,100,2.53,BR,2021-09-27 02:42:25
44,Saint-Louis,16.3333,-15,83.07,59,89,10.09,SN,2021-09-27 02:42:26
45,Lodwar,3.1191,35.5973,82.06,43,19,7.72,KE,2021-09-27 02:42:26
46,Ushuaia,-54.8,-68.3,38.86,70,0,1.14,AR,2021-09-27 02:35:52
47,Canatlan,24.5167,-104.7833,62.33,89,97,8.86,MX,2021-09-27 02:42:26
48,Palmeira,-25.4294,-50.0064,63.63,95,1,4.32,BR,2021-09-27 02:42:27
49,Najran,17.4924,44.1277,74.05,23,0,3.47,SA,2021-09-27 02:42:27
50,Faya,18.3851,42.4509,62.71,24,2,3.91,SA,2021-09-27 02:37:33
51,Lata,40.1629,-8.3327,63.05,98,96,0.87,PT,2021-09-27 02:38:37
52,Cape Town,-33.9258,18.4232,60.12,79,0,1.99,ZA,2021-09-27 02:38:19
53,Dakar,14.6937,-17.4441,79.68,76,97,6.15,SN,2021-09-27 02:42:28
54,Bambanglipuro,-7.95,110.2833,84.16,63,80,15.3,ID,2021-09-27 02:41:01
55,Zyryanka,65.75,150.85,36.19,86,100,16.51,RU,2021-09-27 02:40:34
56,Kavaratti,10.5669,72.642,81.27,79,100,23.67,IN,2021-09-27 02:42:29
57,Hambantota,6.1241,81.1185,80.94,89,100,11.5,LK,2021-09-27 02:41:35
58,Pointe Michel,15.25,-61.3833,82.94,73,29,8.57,DM,2021-09-27 02:42:29
59,Butaritari,3.0707,172.7902,83.71,73,91,13.91,KI,2021-09-27 02:36:54
60,Hualmay,-11.0964,-77.6139,61.86,86,26,8.05,PE,2021-09-27 02:40:49
61,Albany,42.6001,-73.9662,55.58,87,6,5.21,US,2021-09-27 02:36:51
62,Port Alfred,-33.5906,26.891,64.24,88,33,20.24,ZA,2021-09-27 02:42:30
63,Nemuro,43.3236,145.575,64.83,75,0,14.05,JP,2021-09-27 02:42:31
64,Kenai,60.5544,-151.2583,47.03,69,1,5.75,US,2021-09-27 02:42:31
65,Mahajanga,-15.7167,46.3167,66.22,68,20,3.44,MG,2021-09-27 02:42:32
66,La Palma,33.8464,-118.0467,71.11,79,90,5.01,US,2021-09-27 02:42:32
67,Maues,-3.3836,-57.7186,74.55,88,32,1.07,BR,2021-09-27 02:42:33
68,Hasaki,35.7333,140.8333,77.29,61,46,17.56,JP,2021-09-27 02:39:12
69,Huarmey,-10.0681,-78.1522,62.94,87,43,6.53,PE,2021-09-27 02:42:33
70,Sao Filipe,14.8961,-24.4956,78.4,81,79,5.53,CV,2021-09-27 02:39:45
71,Basco,20.4487,121.9702,84.49,76,13,12.3,PH,2021-09-27 02:42:34
72,Iskateley,67.6803,53.1512,39.54,82,100,12.03,RU,2021-09-27 02:42:34
73,Laguna,38.421,-121.4238,76.42,63,1,4,US,2021-09-27 02:42:35
74,Mount Gambier,-37.8333,140.7667,66.11,34,76,12.66,AU,2021-09-27 02:42:35
75,Surt,31.2089,16.5887,72,68,49,4.29,LY,2021-09-27 02:42:35
76,Avarua,-21.2078,-159.775,78.85,69,20,3.44,CK,2021-09-27 02:42:36
77,Sehithwa,-20.4667,22.7167,64.29,24,0,5.59,BW,2021-09-27 02:42:36
78,Chuy,-33.6971,-53.4616,56.73,94,8,5.06,UY,2021-09-27 02:42:37
79,Lebu,-37.6167,-73.65,47.62,77,3,18.68,CL,2021-09-27 02:42:37
80,Kruisfontein,-34.0033,24.7314,55.49,94,7,4.05,ZA,2021-09-27 02:42:37
81,Healdsburg,38.6105,-122.8692,62.65,66,1,1.99,US,2021-09-27 02:42:38
82,Qaanaaq,77.484,-69.3632,19.8,59,85,8.52,GL,2021-09-27 02:38:35
83,Sawtell,-30.3833,153.1,66.22,63,90,4,AU,2021-09-27 02:42:39
84,Fortuna,40.5982,-124.1573,61.72,82,90,0,US,2021-09-27 02:42:39
85,Padang,-0.9492,100.3543,78.85,84,96,5.14,ID,2021-09-27 02:42:39
86,Victoria,22.2855,114.1577,87.96,72,28,1.01,HK,2021-09-27 02:42:21
87,Porto De Moz,-1.7483,-52.2383,79.34,75,57,6.96,BR,2021-09-27 02:42:40
88,Neiafu,-18.65,-173.9833,79.48,57,75,5.75,TO,2021-09-27 02:42:40
89,Ahipara,-35.1667,173.1667,54.46,70,100,10.89,NZ,2021-09-27 02:42:41
90,Beyneu,45.3167,55.2,61.3,60,100,24.09,KZ,2021-09-27 02:41:15
91,Flagstaff,35.1981,-111.6513,55.47,89,40,3.44,US,2021-09-27 02:39:44
92,Lakselv,70.0513,24.9718,51.62,71,90,10.36,NO,2021-09-27 02:42:41
93,Jamestown,42.097,-79.2353,63.72,84,75,1.99,US,2021-09-27 02:34:06
94,Asau,46.4333,26.4,56.32,92,1,1.9,RO,2021-09-27 02:42:42
95,Poyarkovo,49.6,128.6833,61.47,93,100,11.7,RU,2021-09-27 02:42:42
96,Santa Cruz,-17.8,-63.1667,80.06,69,88,6.91,BO,2021-09-27 02:42:42
97,Altay,47.8667,88.1167,48.69,25,18,4.79,CN,2021-09-27 02:42:43
98,Kawalu,-7.3817,108.2082,79.03,80,99,4.5,ID,2021-09-27 02:42:43
99,Bambous Virieux,-20.3428,57.7575,71.22,94,75,18.41,MU,2021-09-27 02:42:44
100,Lompoc,34.6391,-120.4579,62.56,84,1,6.91,US,2021-09-27 02:42:44
101,Narsaq,60.9167,-46.05,30.42,48,0,6.87,GL,2021-09-27 02:39:51
102,La Ronge,55.1001,-105.2842,57.45,67,90,4.61,CA,2021-09-27 02:42:44
103,Mareeba,-17,145.4333,86.43,47,24,9.42,AU,2021-09-27 02:42:45
104,Benghazi,32.1167,20.0667,74.23,64,0,9.8,LY,2021-09-27 02:42:45
105,Seymchan,62.8833,152.4333,40.08,56,95,4.68,RU,2021-09-27 02:42:45
106,Chardara,41.2547,67.9692,61.97,57,0,10.6,KZ,2021-09-27 02:41:16
107,Tazovskiy,67.4667,78.7,35.51,72,17,2.71,RU,2021-09-27 02:42:48
108,Ribeira Grande,38.5167,-28.7,68.34,73,73,21.7,PT,2021-09-27 02:42:48
109,Tabou,4.423,-7.3528,74.95,87,100,1.12,CI,2021-09-27 02:42:49
110,Bengkulu,-3.8004,102.2655,82.85,71,74,3.76,ID,2021-09-27 02:42:49
111,Mala,-12.6581,-76.6308,62.67,83,98,3.53,PE,2021-09-27 02:42:50
112,Inta,66.0317,60.1659,33.85,71,100,4.47,RU,2021-09-27 02:42:50
113,Melfi,40.9965,15.6514,62.49,56,60,7.11,IT,2021-09-27 02:42:50
114,Fereydun Kenar,36.6864,52.5225,66.4,76,0,7.9,IR,2021-09-27 02:38:31
115,Abu Kamal,34.4506,40.9171,69.85,28,0,10.04,SY,2021-09-27 02:42:51
116,Stornoway,58.2093,-6.3865,49.96,87,100,4.61,GB,2021-09-27 02:42:51
117,Kotido,2.9806,34.1331,68.29,71,26,2.48,UG,2021-09-27 02:42:52
118,Los Alamos,35.8881,-106.307,63.16,51,1,1.99,US,2021-09-27 02:42:52
119,Fairbanks,64.8378,-147.7164,35.6,76,75,4.61,US,2021-09-27 02:38:39
120,Saint-Philippe,-21.3585,55.7679,69.39,87,83,16.04,RE,2021-09-27 02:42:53
121,Zainsk,55.3195,52.0694,45.59,92,100,15.05,RU,2021-09-27 02:42:53
122,Temyasovo,52.9933,58.1014,37.76,68,97,18.28,RU,2021-09-27 02:42:54
123,Geraldton,-28.7667,114.6,68.41,45,75,17.27,AU,2021-09-27 02:42:54
124,Sumenep,-7.0167,113.8667,86.81,54,30,11.77,ID,2021-09-27 02:42:55
125,Thurso,58.5927,-3.5259,51.75,96,100,6.44,GB,2021-09-27 02:42:55
126,Cherskiy,68.75,161.3,28.92,82,100,17.36,RU,2021-09-27 02:37:56
127,Kavieng,-2.5744,150.7967,83.8,73,35,8.79,PG,2021-09-27 02:42:56
128,Savonlinna,61.8699,28.88,30.25,100,84,3.44,FI,2021-09-27 02:42:56
129,Poum,-20.2333,164.0167,72.59,63,8,7.58,NC,2021-09-27 02:42:56
130,Ust-Maya,60.4167,134.5333,45.54,54,97,7.67,RU,2021-09-27 02:42:57
131,Airai,-8.9266,125.4092,80.33,31,55,3.53,TL,2021-09-27 02:42:57
132,Sao Joao Da Barra,-21.6403,-41.0511,72.37,84,100,19.57,BR,2021-09-27 02:41:09
133,Lahij,13.1667,44.5833,85.91,43,10,5.23,YE,2021-09-27 02:42:58
134,Beidao,34.5686,105.8933,57.88,94,100,2.15,CN,2021-09-27 02:42:58
135,Cowra,-33.8333,148.6833,63.27,52,95,7.83,AU,2021-09-27 02:42:58
136,Harnosand,62.6323,17.9379,46,89,100,9.1,SE,2021-09-27 02:38:43
137,Buriti Dos Lopes,-3.175,-41.8669,76.87,78,12,8.43,BR,2021-09-27 02:42:59
138,Iqaluit,63.7506,-68.5145,35.33,80,75,15.99,CA,2021-09-27 02:42:59
139,Severo-Kurilsk,50.6789,156.125,52.29,82,88,13.06,RU,2021-09-27 02:43:00
140,Sawakin,19.1059,37.3321,84.06,56,33,3.44,SD,2021-09-27 02:43:00
141,Kochki,54.3358,80.4806,36.41,90,100,8.99,RU,2021-09-27 02:43:01
142,Tasiilaq,65.6145,-37.6368,32.16,63,16,6.62,GL,2021-09-27 02:43:01
143,Yar-Sale,66.8333,70.8333,34.43,80,2,6.49,RU,2021-09-27 02:43:01
144,Itarema,-2.9248,-39.9167,78.85,84,11,17.4,BR,2021-09-27 02:43:02
145,Vilyuysk,63.7553,121.6247,41.43,62,85,12.28,RU,2021-09-27 02:43:02
146,Itoman,26.1247,127.6694,88.18,77,40,19.57,JP,2021-09-27 02:43:03
147,Beihai,21.4833,109.1,84.22,74,3,3.42,CN,2021-09-27 02:43:03
148,Vanimo,-2.6741,141.3028,85.57,64,100,5.93,PG,2021-09-27 02:38:11
149,Ola,59.5833,151.2833,46.94,48,1,3.69,RU,2021-09-27 02:40:16
150,Ocampo,21.65,-101.5,60.91,70,88,8.63,MX,2021-09-27 02:43:04
151,Melfort,52.8667,-104.6177,59.13,47,100,6.91,CA,2021-09-27 02:43:05
152,Port Hedland,-20.3167,118.5667,86.05,21,37,12.66,AU,2021-09-27 02:43:05
153,Cabo San Lucas,22.8909,-109.9124,86.61,76,6,5.28,MX,2021-09-27 02:42:41
154,Port Lincoln,-34.7333,135.8667,65.3,51,100,12.01,AU,2021-09-27 02:43:06
155,Shieli,44.1667,66.75,59.23,58,62,17.54,KZ,2021-09-27 02:41:14
156,Tuatapere,-46.1333,167.6833,55.81,47,5,4.45,NZ,2021-09-27 02:43:06
157,Bilibino,68.0546,166.4372,30.76,97,100,21.3,RU,2021-09-27 02:38:13
158,Kardla,58.9978,22.7492,37.02,87,25,6.31,EE,2021-09-27 02:43:07
159,Severobaykalsk,55.65,109.3167,40.21,50,48,3.69,RU,2021-09-27 02:43:07
160,North Bend,43.4065,-124.2243,70.25,91,90,14.97,US,2021-09-27 02:40:07
161,Tura,25.5198,90.2201,84.67,72,10,1.39,IN,2021-09-27 02:43:08
162,Baruun-Urt,46.6806,113.2792,58.57,27,0,17.36,MN,2021-09-27 02:40:49
163,Leningradskiy,69.3833,178.4167,29.75,79,100,6.31,RU,2021-09-27 02:43:08
164,Tulun,54.5611,100.5792,42.01,54,82,6.4,RU,2021-09-27 02:43:08
165,Ambon,-3.6954,128.1814,84.34,89,40,4.61,ID,2021-09-27 02:43:09
166,Matagami,49.7502,-77.6328,48.31,100,90,3.44,CA,2021-09-27 02:43:09
167,Srednekolymsk,67.45,153.6833,32.67,65,99,15.01,RU,2021-09-27 02:43:10
168,Codrington,-38.2667,141.9667,64.2,53,13,12.41,AU,2021-09-27 02:43:10
169,Ixtapa,20.7,-105.2,78.22,98,98,1.01,MX,2021-09-27 02:43:10
170,Chokurdakh,70.6333,147.9167,27.19,87,100,19.39,RU,2021-09-27 02:43:11
171,Banepa,27.6298,85.5214,68.32,94,20,2.3,NP,2021-09-27 02:43:11
172,Tiarei,-17.5333,-149.3333,82.42,78,3,12.97,PF,2021-09-27 02:43:12
173,High Level,58.5169,-117.136,44.71,93,90,8.05,CA,2021-09-27 02:40:35
174,Lagoa,39.05,-27.9833,66.56,67,62,20.15,PT,2021-09-27 02:38:19
175,Buraydah,26.326,43.975,70.25,34,38,4.41,SA,2021-09-27 02:43:13
176,Tommot,58.9564,126.2925,41.76,92,100,9.26,RU,2021-09-27 02:43:13
177,Tual,-5.6667,132.75,80.85,82,84,12.39,ID,2021-09-27 02:43:13
178,Mao,39.8885,4.2658,68.56,94,0,3.44,ES,2021-09-27 02:43:14
179,Arrifes,37.7667,-25.7,68.23,88,75,10.36,PT,2021-09-27 02:43:14
180,Urucara,-2.5364,-57.76,77.77,82,96,1.05,BR,2021-09-27 02:43:15
181,San Carlos De Bariloche,-41.1456,-71.3082,31.75,64,0,4.61,AR,2021-09-27 02:40:25
182,Kjollefjord,70.9457,27.3465,49.82,93,75,12.66,NO,2021-09-27 02:43:15
183,Ouesso,1.6136,16.0517,67.93,98,100,1.72,CG,2021-09-27 02:43:16
184,Pisco,-13.7,-76.2167,60.85,82,40,2.3,PE,2021-09-27 02:43:16
185,Shahreza,32.0339,51.8794,63.23,26,0,6.98,IR,2021-09-27 02:43:17
186,Faanui,-16.4833,-151.75,79.66,73,2,11.83,PF,2021-09-27 02:43:17
187,East London,-33.0153,27.9116,66.04,80,80,18.12,ZA,2021-09-27 02:33:45
188,Nyurba,63.2842,118.3319,39.33,62,94,15.12,RU,2021-09-27 02:43:18
189,Avera,33.194,-82.5271,66.7,57,0,3.8,US,2021-09-27 02:43:18
190,Nanortalik,60.1432,-45.2371,36.91,79,8,3.56,GL,2021-09-27 02:43:18
191,Awbari,26.5921,12.7805,70.79,23,0,6.2,LY,2021-09-27 02:43:19
192,Atherton,53.5237,-2.4935,64.72,92,100,8.01,GB,2021-09-27 02:43:19
193,Sira,13.7453,76.9092,75.15,73,100,13.02,IN,2021-09-27 02:43:20
194,Nioki,-2.7167,17.6833,72.88,93,100,1.45,CD,2021-09-27 02:43:20
195,Hithadhoo,-0.6,73.0833,82.4,74,100,15.9,MV,2021-09-27 02:38:31
196,Alofi,-19.0595,-169.9187,78.69,61,100,6.91,NU,2021-09-27 02:43:21
197,Aras,42.5617,-2.356,63.32,97,0,0,ES,2021-09-27 02:43:21
198,Glenwood Springs,39.5505,-107.3248,71.4,30,1,6.91,US,2021-09-27 02:43:21
199,Umm Kaddadah,13.6017,26.6876,80.31,59,11,5.19,SD,2021-09-27 02:43:22
200,Chase,50.8165,-119.6857,67.75,75,100,2.95,CA,2021-09-27 02:43:22
201,Vaitape,-16.5167,-151.75,79.66,73,2,11.81,PF,2021-09-27 02:43:23
202,Mariakani,-3.8633,39.4736,71.69,95,54,4.09,KE,2021-09-27 02:43:23
203,Konin,52.2234,18.2512,52.05,90,12,8.79,PL,2021-09-27 02:43:23
204,Mount Isa,-20.7333,139.5,94.77,10,24,11.5,AU,2021-09-27 02:43:24
205,Kijang,35.2442,129.2139,74.93,68,77,14.72,KR,2021-09-27 02:39:37
206,Miraflores,19.2167,-98.8083,65.03,86,88,2.98,MX,2021-09-27 02:43:24
207,Point Pedro,9.8167,80.2333,83.97,77,100,22.08,LK,2021-09-27 02:43:25
208,Canico,32.6333,-16.85,70.72,77,20,6.91,PT,2021-09-27 02:43:25
209,Minador Do Negrao,-9.3053,-36.8647,69.89,92,47,7.94,BR,2021-09-27 02:43:26
210,Tuktoyaktuk,69.4541,-133.0374,32,93,75,16.11,CA,2021-09-27 02:39:45
211,Urumqi,43.801,87.6005,58.15,29,0,4.47,CN,2021-09-27 02:42:03
212,Norman Wells,65.282,-126.8329,30.24,86,75,4.61,CA,2021-09-27 02:43:26
213,Broken Hill,-31.95,141.4333,69.51,13,2,6.91,AU,2021-09-27 02:43:27
214,Maumere,-8.6199,122.2111,82.85,68,94,1.07,ID,2021-09-27 02:43:27
215,Esperance,-33.8667,121.9,60.64,83,82,13.15,AU,2021-09-27 02:43:27
216,Mikasa,43.251,141.9043,69.76,50,0,10.04,JP,2021-09-27 02:43:28
217,Yumen,40.2833,97.2,70.03,15,3,18.95,CN,2021-09-27 02:43:28
218,Luderitz,-26.6481,15.1594,57.18,94,55,16.93,NA,2021-09-27 02:43:28
219,Yulara,-25.2406,130.9889,87.64,8,95,16.11,AU,2021-09-27 02:43:29
220,Maragogi,-9.0122,-35.2225,75.24,86,31,14.58,BR,2021-09-27 02:43:29
221,Mayor Pablo Lagerenza,-19.9309,-60.7718,82.17,40,46,5.7,PY,2021-09-27 02:43:30
222,Igrim,63.1906,64.4162,32.74,80,20,3.87,RU,2021-09-27 02:43:30
223,Lorengau,-2.0226,147.2712,81.86,79,95,6.24,PG,2021-09-27 02:43:30
224,Ust-Omchug,61.15,149.6333,38.53,56,20,3.09,RU,2021-09-27 02:43:30
225,Saldanha,-33.0117,17.9442,55.45,89,3,14.88,ZA,2021-09-27 02:43:31
226,Berlevag,70.8578,29.0864,50,85,100,19.3,NO,2021-09-27 02:43:31
227,Cidreira,-30.1811,-50.2056,65.48,95,1,12.28,BR,2021-09-27 02:43:32
228,Cockburn Town,21.4612,-71.1419,83.3,74,10,12.03,TC,2021-09-27 02:39:16
229,Ahuimanu,21.4447,-157.8378,87.51,77,90,13.8,US,2021-09-27 02:40:05
230,Yazykovo,55.2199,56.1353,39.29,81,100,19.13,RU,2021-09-27 02:43:32
231,Dongying,37.4564,118.4856,74.62,75,100,11.41,CN,2021-09-27 02:43:33
232,Aqtobe,50.2797,57.2072,46.49,71,0,4.47,KZ,2021-09-27 02:43:33
233,Ponta Do Sol,32.6667,-17.1,70.72,66,17,3.31,PT,2021-09-27 02:33:31
234,Bathsheba,13.2167,-59.5167,79.41,83,75,14.97,BB,2021-09-27 02:39:39
235,Arman,59.7,150.1667,47.21,47,0,4.38,RU,2021-09-27 02:43:34
236,Kungurtug,50.5994,97.5228,33.51,73,92,7.72,RU,2021-09-27 02:43:34
237,Ketchikan,55.3422,-131.6461,53.58,82,90,3.44,US,2021-09-27 02:38:51
238,Comodoro Rivadavia,-45.8667,-67.5,46.26,39,0,6.91,AR,2021-09-27 02:42:38
239,Charters Towers,-20.1,146.2667,88.11,24,2,11.81,AU,2021-09-27 02:43:35
240,Camana,-16.6228,-72.7111,61.12,80,52,5.06,PE,2021-09-27 02:40:26
241,Moramanga,-18.9333,48.2,53.02,90,25,2.39,MG,2021-09-27 02:43:35
242,Port Elizabeth,-33.918,25.5701,62.89,94,0,12.66,ZA,2021-09-27 02:43:36
243,Baikunthpur,23.25,82.55,79.74,72,69,10.74,IN,2021-09-27 02:43:37
244,Miri,4.4148,114.0089,84.34,79,40,4.61,MY,2021-09-27 02:43:37
245,Rio Grande,-32.035,-52.0986,60.94,94,2,7.36,BR,2021-09-27 02:37:06
246,Gawler,-34.6,138.7333,75.25,28,17,11.61,AU,2021-09-27 02:43:38
247,Great Bend,38.3645,-98.7648,80.73,27,1,7,US,2021-09-27 02:40:01
248,Xuddur,4.1213,43.8894,69.12,82,8,10.04,SO,2021-09-27 02:43:38
249,Lavrentiya,65.5833,-171,33.04,82,68,3.42,RU,2021-09-27 02:40:16
250,Komsomolskiy,40.4272,71.7189,70.52,30,0,4.61,UZ,2021-09-27 02:43:39
251,Mezen,65.8522,44.24,44.4,97,100,2.59,RU,2021-09-27 02:43:39
252,Cayenne,4.9333,-52.3333,83.08,79,40,5.99,GF,2021-09-27 02:36:54
253,Kabo,7.6994,18.629,69.49,97,100,1.54,CF,2021-09-27 02:43:40
254,Kaitangata,-46.2817,169.8464,50.94,52,5,8.03,NZ,2021-09-27 02:43:40
255,Beringovskiy,63.05,179.3167,36.73,87,92,3.42,RU,2021-09-27 02:43:41
256,Te Anau,-45.4167,167.7167,50.45,39,0,1.79,NZ,2021-09-27 02:36:29
257,Guerrero Negro,27.9769,-114.0611,69.57,75,0,18.79,MX,2021-09-27 02:42:33
258,Ankang,32.68,109.0172,72.48,84,100,2.39,CN,2021-09-27 02:39:09
259,Clyde River,70.4692,-68.5914,25.99,87,32,9.46,CA,2021-09-27 02:43:42
260,Kouango,4.9934,19.9619,68.83,96,99,1.74,CF,2021-09-27 02:43:42
261,Rio Gallegos,-51.6226,-69.2181,43.02,59,93,9.08,AR,2021-09-27 02:43:43
262,Riyadh,24.6877,46.7219,77.14,31,98,8.52,SA,2021-09-27 02:43:43
263,Provideniya,64.3833,-173.3,39.31,60,0,4.47,RU,2021-09-27 02:43:44
264,Paamiut,61.994,-49.6678,32.54,56,6,8.28,GL,2021-09-27 02:43:44
265,Pacocha,-17.5833,-71.3333,59.34,82,58,1.28,PE,2021-09-27 02:43:44
266,Awjilah,29.1081,21.2869,69.08,65,0,8.37,LY,2021-09-27 02:43:45
267,Vila Franca Do Campo,37.7167,-25.4333,70.2,93,100,8.57,PT,2021-09-27 02:43:45
268,Sampit,-2.5333,112.95,84.97,73,32,3.91,ID,2021-09-27 02:43:46
269,Taltal,-25.4,-70.4833,61.63,72,10,4.61,CL,2021-09-27 02:43:46
270,Karratha,-20.7377,116.8463,80.94,25,5,10.96,AU,2021-09-27 02:37:43
271,Kamiiso,41.8167,140.65,66.58,77,75,19.57,JP,2021-09-27 02:43:47
272,Khuzdar,27.7384,66.6434,79.57,41,11,2.24,PK,2021-09-27 02:43:47
273,Kalevala,65.2,31.1667,42.01,92,93,4.76,RU,2021-09-27 02:43:47
274,Vardo,70.3705,31.1107,48.4,85,100,15.21,NO,2021-09-27 02:43:48
275,Sabla,12.7525,4.7077,78.31,66,75,8.21,NG,2021-09-27 02:43:48
276,Mogadishu,2.0371,45.3438,77.94,80,50,18.79,SO,2021-09-27 02:43:48
277,Muros,42.7762,-9.0603,68.23,90,100,13.47,ES,2021-09-27 02:39:43
278,Ostersund,63.1792,14.6357,50.45,71,92,12.66,SE,2021-09-27 02:43:49
279,Swan Hill,-35.3378,143.5544,71.33,28,28,12.1,AU,2021-09-27 02:43:49
280,Zhanaozen,43.3,52.8,57.58,78,10,13.71,KZ,2021-09-27 02:43:50
281,Sucua,-2.4667,-78.1667,65.48,97,100,4.27,EC,2021-09-27 02:43:50
282,Aklavik,68.2191,-135.0107,32.83,93,96,4.34,CA,2021-09-27 02:43:50
283,Chapais,49.7834,-74.8492,46.18,93,92,4.79,CA,2021-09-27 02:43:51
284,Port Blair,11.6667,92.75,81.72,81,100,10.6,IN,2021-09-27 02:43:51
285,Kutum,14.2,24.6667,70.57,70,37,5.21,SD,2021-09-27 02:38:18
286,Zambezi,-13.5432,23.1047,62.47,32,62,4.47,ZM,2021-09-27 02:43:52
287,Saint George,37.1041,-113.5841,84.94,27,1,1.99,US,2021-09-27 02:43:52
288,Bandarbeyla,9.4942,50.8122,78.76,75,7,15.43,SO,2021-09-27 02:43:53
289,Batemans Bay,-35.7167,150.1833,66.2,46,4,13.56,AU,2021-09-27 02:43:53
290,Ajmer,26.45,74.6333,80.26,75,13,10.76,IN,2021-09-27 02:43:54
291,Evensk,61.95,159.2333,45.07,44,12,3.42,RU,2021-09-27 02:39:19
292,Dehloran,32.6941,47.2679,79.57,16,0,3.33,IR,2021-09-27 02:43:54
293,Vagur,61.4732,-6.8119,49.87,87,95,12.93,FO,2021-09-27 02:43:55
294,Tshikapa,-6.4167,20.8,71.49,87,100,3.6,CD,2021-09-27 02:43:55
295,Tiznit,29.5833,-9.5,72.46,36,1,1.99,MA,2021-09-27 02:43:55
296,Parana,-31.732,-60.5238,69.55,56,0,11.86,AR,2021-09-27 02:43:56
297,Guspini,39.5406,8.6294,75.88,94,100,3.51,IT,2021-09-27 02:43:56
298,Parrita,9.5201,-84.3225,83.98,94,100,5.46,CR,2021-09-27 02:43:57
299,Maryborough,-25.5333,152.7,74.1,56,98,12.66,AU,2021-09-27 02:43:57
300,Necochea,-38.5473,-58.7368,46.04,73,87,8.75,AR,2021-09-27 02:43:58
301,Hargeysa,9.56,44.065,70.84,58,19,14.16,SO,2021-09-27 02:43:58
302,Fochville,-26.4886,27.4939,64.47,31,6,14.52,ZA,2021-09-27 02:43:58
303,Touros,-5.1989,-35.4608,76.1,84,59,13.91,BR,2021-09-27 02:38:17
304,Roald,62.5833,6.1333,58.91,82,90,0,NO,2021-09-27 02:43:59
305,Kodiak,57.79,-152.4072,45.36,62,0,9.71,US,2021-09-27 02:43:59
306,Jalu,29.0331,21.5482,69.06,64,0,9.19,LY,2021-09-27 02:44:00
307,Laela,-8.5667,32.05,61.43,56,11,2.86,TZ,2021-09-27 02:44:00
308,Longyearbyen,78.2186,15.6401,35.44,87,75,21.85,SJ,2021-09-27 02:44:01
309,Vestmannaeyjar,63.4427,-20.2734,42.3,74,98,19.93,IS,2021-09-27 02:44:01
310,Crotone,39.0851,17.1178,73.45,56,95,3.87,IT,2021-09-27 02:44:02
311,Hamilton,39.1834,-84.5333,63.84,71,1,0,US,2021-09-27 02:44:02
312,Kyaukse,21.6,96.1333,86,84,75,2.3,MM,2021-09-27 02:44:03
313,Two Rivers,44.1539,-87.5693,70.41,89,1,0,US,2021-09-27 02:44:03
314,Acapulco,16.8634,-99.8901,80.8,82,96,4.12,MX,2021-09-27 02:44:03
315,Hofn,64.2539,-15.2082,42.51,61,92,9.86,IS,2021-09-27 02:44:04
316,Vlissingen,51.4425,3.5736,62.55,95,17,11.5,NL,2021-09-27 02:44:04
317,Svirstroy,60.7999,33.7248,41.94,97,38,3.87,RU,2021-09-27 02:44:05
318,Nuevo Imperial,-13.0754,-76.3172,61.25,85,98,4.85,PE,2021-09-27 02:44:05
319,Mchinji,-13.7984,32.8802,62.82,51,37,3.11,MW,2021-09-27 02:44:05
320,Pangnirtung,66.1451,-65.7125,31.66,78,19,0.74,CA,2021-09-27 02:44:06
321,Torbay,47.6666,-52.7314,54.75,95,75,12.66,CA,2021-09-27 02:44:06
322,El Dorado,38.7666,-120.5177,68.63,52,3,1.01,US,2021-09-27 02:44:07
323,Hays,30.0502,-98.0336,77.7,55,63,1.01,US,2021-09-27 02:39:58
324,Luena,-11.7833,19.9167,58.95,47,56,3.29,AO,2021-09-27 02:44:07
325,Aswan,24.0934,32.907,78.1,36,0,11.5,EG,2021-09-27 02:44:08
326,Iringa,-7.7667,35.7,58.32,67,1,0,TZ,2021-09-27 02:44:08
327,Whyalla,-33.0333,137.5833,76.89,16,97,8.05,AU,2021-09-27 02:44:08
328,Khatanga,71.9667,102.5,32.63,81,96,11.18,RU,2021-09-27 02:44:09
329,Katangli,51.7102,143.2326,56.35,66,100,4.7,RU,2021-09-27 02:44:09
330,Champerico,14.3,-91.9167,82.35,80,96,3,GT,2021-09-27 02:40:43
331,Sembe,1.6481,14.5806,68.11,99,99,1.77,CG,2021-09-27 02:44:10
332,Atar,20.5169,-13.0499,92.21,16,4,6.67,MR,2021-09-27 02:44:10
333,Inirida,3.8653,-67.9239,74.39,92,85,0.96,CO,2021-09-27 02:44:11
334,Norden,53.6,7.2,61.95,97,100,8.61,DE,2021-09-27 02:44:11
335,Suratgarh,29.3167,73.9,85.96,60,0,9.51,IN,2021-09-27 02:44:11
336,Nijar,36.9665,-2.206,62.24,82,0,3.44,ES,2021-09-27 02:44:12
337,Nunoa,-14.48,-70.6411,43.92,81,100,4.74,PE,2021-09-27 02:44:12
338,Hoi An,15.8794,108.335,89.56,76,1,0.63,VN,2021-09-27 02:44:12
339,Kulhudhuffushi,6.6221,73.07,79.61,78,100,18.68,MV,2021-09-27 02:44:13
340,Westport,41.1415,-73.3579,67.98,80,1,1.99,US,2021-09-27 02:40:11
341,Sambava,-14.2667,50.1667,71.28,83,100,13.18,MG,2021-09-27 02:39:51
342,Krasnovishersk,60.4078,57.082,36.54,73,100,8.32,RU,2021-09-27 02:44:13
343,Nkowakowa,-23.8878,30.2871,60.85,44,0,3.22,ZA,2021-09-27 02:44:14
344,Mandalgovi,45.7625,106.2708,57.07,22,0,18.5,MN,2021-09-27 02:44:14
345,Benjamin Hill,30.1667,-111.1,79.18,49,4,4.5,MX,2021-09-27 02:44:15
346,Katsuura,35.1333,140.3,81.1,64,27,18.52,JP,2021-09-27 02:44:15
347,Dingle,10.9995,122.6711,86.36,72,98,7.52,PH,2021-09-27 02:44:16
348,Namatanai,-3.6667,152.4333,85.37,65,29,5.17,PG,2021-09-27 02:44:16
349,Gravdal,68.1214,13.5031,51.57,90,100,10.83,NO,2021-09-27 02:44:16
350,Flin Flon,54.7682,-101.865,51.46,71,100,5.64,CA,2021-09-27 02:44:17
351,Zhigansk,66.7697,123.3711,36.12,77,67,24,RU,2021-09-27 02:44:18
352,Kampene,-3.6,26.6667,66.16,94,100,2.89,CD,2021-09-27 02:44:18
353,Broome,42.2506,-75.833,57.6,69,75,6.91,US,2021-09-27 02:44:18
354,Tupik,54.4253,119.9327,42.28,85,100,7.7,RU,2021-09-27 02:44:19
355,Pitsunda,43.1592,40.3378,57.38,66,9,5.41,GE,2021-09-27 02:44:19
356,Port Hueneme,34.1478,-119.1951,69.33,84,90,6.91,US,2021-09-27 02:44:19
357,Itaituba,-4.2761,-55.9836,73.65,91,89,3.71,BR,2021-09-27 02:44:20
358,Guayaquil,-2.1667,-79.9,75.94,79,99,8.01,EC,2021-09-27 02:39:36
359,Beni,0.5,29.4667,59.18,98,4,2.26,CD,2021-09-27 02:44:21
360,Siirt,37.9326,41.9403,59.65,28,14,4.07,TR,2021-09-27 02:44:21
361,Yabelo,4.8833,38.0833,62.71,61,95,5.64,ET,2021-09-27 02:44:22
362,Kurilsk,45.2333,147.8833,58.75,71,2,5.19,RU,2021-09-27 02:44:22
363,Granby,45.4001,-72.7324,58.05,86,89,1.14,CA,2021-09-27 02:44:22
364,College,64.8569,-147.8028,35.58,76,75,4.61,US,2021-09-27 02:44:23
365,Amasia,40.6533,35.8331,47.93,78,0,2.3,TR,2021-09-27 02:44:23
366,Edd,13.9297,41.6925,86.49,69,17,5.48,ER,2021-09-27 02:44:24
367,Oyama,36.3,139.8,79.03,50,55,8.12,JP,2021-09-27 02:44:24
368,Novopokrovka,49.8425,36.5477,48.58,93,18,10.4,UA,2021-09-27 02:44:24
369,Ndjole,-0.1783,10.7649,74.14,97,100,2.28,GA,2021-09-27 02:44:25
370,Praya,14.9215,-23.5087,77.54,83,20,8.05,CV,2021-09-27 02:44:25
371,Simao,22.7886,100.9748,72.52,82,71,1.05,CN,2021-09-27 02:44:26
372,Ancud,-41.8697,-73.8203,38.73,82,59,4,CL,2021-09-27 02:37:25
373,Camacha,33.0833,-16.3333,66.96,82,0,2.3,PT,2021-09-27 02:44:26
374,Klaksvik,62.2266,-6.589,49.12,86,91,14.07,FO,2021-09-27 02:44:27
375,Chuka,-0.3332,37.6459,57.7,83,16,3.8,KE,2021-09-27 02:44:27
376,Samarai,-10.6167,150.6667,80.17,83,47,14.03,PG,2021-09-27 02:38:16
377,Williams Lake,52.1415,-122.1445,62.17,44,75,12.66,CA,2021-09-27 02:42:15
378,Henties Bay,-22.116,14.2845,55.85,94,56,5.46,NA,2021-09-27 02:44:28
379,Sept-Iles,50.2001,-66.3821,55.92,98,90,11.01,CA,2021-09-27 02:44:28
380,Valverde Del Camino,37.5751,-6.7543,63.03,63,98,4.83,ES,2021-09-27 02:44:29
381,Nueva Italia De Ruiz,19.0167,-102.1,75.47,83,24,3.22,MX,2021-09-27 02:44:29
382,Smardan,45.4833,27.9333,57.58,75,0,6.69,RO,2021-09-27 02:44:30
383,West Bay,19.3667,-81.4167,84.27,79,20,3,KY,2021-09-27 02:44:30
384,Kloulklubed,7.0419,134.2556,86.5,74,84,7.94,PW,2021-09-27 02:40:21
385,Vitim,59.4511,112.5578,37.13,98,100,2.84,RU,2021-09-27 02:44:31
386,Segou,13.4317,-6.2157,76.23,76,46,8.21,ML,2021-09-27 02:44:31
387,Talcahuano,-36.7167,-73.1167,47.88,76,0,12.66,CL,2021-09-27 02:44:32
388,Tourlaville,49.6383,-1.5664,64.99,94,90,12.66,FR,2021-09-27 02:44:32
389,Krasnoselkup,65.7,82.4667,37.74,79,41,9.13,RU,2021-09-27 02:44:33
390,Xai-Xai,-25.0519,33.6442,64.9,86,0,5.84,MZ,2021-09-27 02:44:35
391,Jiguani,20.3667,-76.4272,78.58,91,30,3.15,CU,2021-09-27 02:44:36
392,Saskylakh,71.9167,114.0833,35.24,98,100,13.4,RU,2021-09-27 02:44:36
393,Carnarvon,-24.8667,113.6333,69.87,52,0,13.8,AU,2021-09-27 02:44:37
394,Arlit,18.7369,7.3853,84.38,15,0,10.71,NE,2021-09-27 02:44:37
395,Petropavlovsk-Kamchatskiy,53.0452,158.6483,57.79,44,20,4.47,RU,2021-09-27 02:44:38
396,Aripuana,-9.1667,-60.6333,75.07,85,83,3.13,BR,2021-09-27 02:44:38
397,Dunedin,-45.8742,170.5036,48.52,60,49,13.87,NZ,2021-09-27 02:44:39
398,Mayo,38.8876,-76.5119,66.22,77,1,1.01,US,2021-09-27 02:44:39
399,Laredo,27.5064,-99.5075,84.49,45,1,8.05,US,2021-09-27 02:44:40
400,Salmas,38.1973,44.7653,43.79,47,0,1.34,IR,2021-09-27 02:44:40
401,Uppsala,60,17.75,47.43,95,98,1.14,SE,2021-09-27 02:44:41
402,Sulangan,11.1373,123.7228,83.3,75,100,7.85,PH,2021-09-27 02:44:41
403,Nishihara,26.1842,127.7558,87.46,79,40,9.22,JP,2021-09-27 02:44:42
404,Grindavik,63.8424,-22.4338,39.67,81,90,29.93,IS,2021-09-27 02:44:42
405,Rocha,-34.4833,-54.3333,54.1,94,6,3.56,UY,2021-09-27 02:44:42
406,Ulaangom,49.9811,92.0667,38.8,22,80,9.57,MN,2021-09-27 02:44:43
407,Yeniseysk,58.4497,92.1703,40.6,82,100,4.85,RU,2021-09-27 02:44:44
408,Hirara,24.8,125.2833,88.07,74,20,10.36,JP,2021-09-27 02:44:44
409,Lucapa,-8.4192,20.7447,67.89,71,99,2.37,AO,2021-09-27 02:44:44
410,Kahului,20.8947,-156.47,83.46,86,40,20.71,US,2021-09-27 02:39:21
411,Banda Aceh,5.5577,95.3222,85.03,65,100,11.95,ID,2021-09-27 02:44:45
412,Talnakh,69.4865,88.3972,36.66,46,100,6.51,RU,2021-09-27 02:44:45
413,Biak,-0.9131,122.8766,82.78,67,99,5.68,ID,2021-09-27 02:44:46
414,Vila Velha,-20.3297,-40.2925,73.35,78,75,4.61,BR,2021-09-27 02:44:47
415,Ishigaki,24.3448,124.1572,86.13,79,20,12.66,JP,2021-09-27 02:44:47
416,Dingzhou,38.5131,114.9956,64.51,69,73,0.72,CN,2021-09-27 02:44:47
417,Napa,38.4832,-122.3344,62.38,73,48,5.01,US,2021-09-27 02:44:48
418,Zafarwal,32.3463,74.8999,80.15,70,0,0.81,PK,2021-09-27 02:44:48
419,Soure,-0.7167,-48.5233,80.58,75,17,10.45,BR,2021-09-27 02:44:49
420,Ariquemes,-9.9133,-63.0408,75.31,78,41,2.24,BR,2021-09-27 02:44:49
421,Mahebourg,-20.4081,57.7,71.26,94,75,18.41,MU,2021-09-27 02:44:49
422,Fort Nelson,58.8053,-122.7002,44.19,70,90,0,CA,2021-09-27 02:44:50
423,Kirkuk,35.4681,44.3922,72.18,19,0,7.4,IQ,2021-09-27 02:44:50
424,Chumikan,54.7183,135.315,51.73,70,100,17.29,RU,2021-09-27 02:44:51
425,Jieshi,22.8134,115.8257,88.95,64,4,8.97,CN,2021-09-27 02:44:51
426,Ramona,33.0417,-116.8681,70.16,89,90,3,US,2021-09-27 02:44:52
427,Palauig,15.435,119.9045,85.86,73,90,6.85,PH,2021-09-27 02:44:52
428,Botou,38.0667,116.5667,72.55,78,100,8.32,CN,2021-09-27 02:44:52
429,Walvis Bay,-22.9575,14.5053,56.08,94,99,2.3,NA,2021-09-27 02:44:53
430,Shouguang,36.88,118.7375,70.16,85,99,9.33,CN,2021-09-27 02:44:53
431,San Juan,-31.5375,-68.5364,60.96,27,0,7.14,AR,2021-09-27 02:39:54
432,Tezpur,26.6333,92.8,83.71,75,50,7.25,IN,2021-09-27 02:44:54
433,Baiyin,36.5583,104.2081,58.08,45,95,4,CN,2021-09-27 02:44:54
434,Salalah,17.0151,54.0924,80.69,89,20,1.14,OM,2021-09-27 02:44:54
435,Sucre,-19.0333,-65.2627,60.4,48,73,4.99,BO,2021-09-27 02:44:49
436,Lambare,-25.3468,-57.6065,77.04,41,0,6.91,PY,2021-09-27 02:44:55
437,Derzhavinsk,51.1,66.3167,48.43,40,100,24.9,KZ,2021-09-27 02:41:15
438,Puerto Escondido,15.85,-97.0667,81.21,81,100,3.8,MX,2021-09-27 02:44:56
439,Constantine,36.365,6.6147,71.01,94,40,6.91,DZ,2021-09-27 02:44:56
440,Zharkent,44.1628,80,72.48,9,47,2.93,KZ,2021-09-27 02:44:57
441,Ferkessedougou,9.6,-5.2,68.85,94,68,5.79,CI,2021-09-27 02:44:57
442,Morondava,-20.2833,44.2833,73.63,85,4,7.14,MG,2021-09-27 02:44:57
443,Plettenberg Bay,-34.0527,23.3716,58.1,87,9,10.47,ZA,2021-09-27 02:44:58
444,Naze,28.3667,129.4833,85.12,75,32,16.89,JP,2021-09-27 02:44:58
445,Leeuwarden,53.2014,5.8086,62.01,96,97,5.75,NL,2021-09-27 02:44:59
446,Kem,64.9555,34.5793,42.78,92,99,5.48,RU,2021-09-27 02:44:59
447,Bontang,0.1333,117.5,84.51,67,100,5.26,ID,2021-09-27 02:44:59
448,Arica,-18.475,-70.3042,61.03,72,90,3.44,CL,2021-09-27 02:45:00
449,Sitka,57.0531,-135.33,53.49,58,90,9.22,US,2021-09-27 02:45:00
450,Nuuk,64.1835,-51.7216,32.61,69,1,5.75,GL,2021-09-27 02:40:24
451,Porto Novo,6.4965,2.6036,76.82,90,99,2.8,BJ,2021-09-27 02:45:01
452,Esik,43.3552,77.4525,54.82,12,1,5.03,KZ,2021-09-27 02:45:01
453,Baoro,5.6667,15.9667,66.67,96,100,2.68,CF,2021-09-27 02:45:02
454,Kysyl-Syr,63.8986,122.7617,42.17,63,87,10.16,RU,2021-09-27 02:45:03
455,Bria,6.5423,21.9863,66.9,98,97,2.93,CF,2021-09-27 02:45:04
456,Bosansko Grahovo,44.1794,16.3639,62.64,82,36,3.69,BA,2021-09-27 02:45:04
457,Palaia Fokaia,37.72,23.9463,73.98,45,0,7.38,GR,2021-09-27 02:45:05
458,Moses Lake,47.1301,-119.2781,75.56,31,1,9.22,US,2021-09-27 02:45:05
459,Gasa,31.5,34.4667,76.98,67,0,7.94,PS,2021-09-27 02:45:05
460,Ascope,-7.7144,-79.1078,58.33,78,33,3.42,PE,2021-09-27 02:45:06
461,Mbandaka,0.0487,18.2603,69.33,94,87,1.39,CD,2021-09-27 02:45:06
462,Makakilo City,21.3469,-158.0858,86.32,62,20,14.97,US,2021-09-27 02:45:07
463,Kattivakkam,13.2167,80.3167,82.49,60,99,14.47,IN,2021-09-27 02:45:07
464,Krasnokholm,51.5979,54.1567,51.98,78,100,3.83,RU,2021-09-27 02:45:07
465,San Cristobal,7.7669,-72.225,78.98,91,29,2.37,VE,2021-09-27 02:45:08
466,Krasnoshchekovo,51.6708,82.7289,34.38,67,7,6.91,RU,2021-09-27 02:45:08
467,Lac Du Bonnet,50.2536,-96.0612,53.17,68,100,5.01,CA,2021-09-27 02:45:09
468,Talavera,15.6167,120.9333,87.96,67,12,1.97,PH,2021-09-27 02:45:09
469,Akdepe,42.0551,59.3788,50.09,64,0,11.34,TM,2021-09-27 02:45:10
470,Okha,53.5739,142.9478,57,48,98,2.28,RU,2021-09-27 02:45:10
471,Gaoua,10.2992,-3.2508,71.89,89,18,6.42,BF,2021-09-27 02:45:10
472,Margate,51.3813,1.3862,64.11,98,89,15.5,GB,2021-09-27 02:45:11
473,Sao Domingos,-13.3983,-46.3183,76.71,34,27,8.43,BR,2021-09-27 02:45:11
474,Poya,-21.35,165.15,76.86,51,3,10.58,NC,2021-09-27 02:45:12
475,Okhotsk,59.3833,143.3,50.86,46,25,3.04,RU,2021-09-27 02:45:12
476,Pemangkat,1.1667,108.9667,77.22,89,100,6.91,ID,2021-09-27 02:45:12
477,Vao,-22.6667,167.4833,68.27,68,35,10.87,NC,2021-09-27 02:45:13
478,Dalvik,65.9702,-18.5286,33.73,98,100,15.08,IS,2021-09-27 02:45:13
479,Pucallpa,-8.3791,-74.5539,80.64,83,75,2.3,PE,2021-09-27 02:45:14
480,Saint-Joseph,-21.3667,55.6167,68.38,84,46,15.08,RE,2021-09-27 02:45:15
481,Wucheng,29.6008,118.175,89.92,58,2,3.29,CN,2021-09-27 02:45:15
482,Esil,51.9556,66.4042,44.35,38,100,24.76,KZ,2021-09-27 02:45:16
483,Clarence Town,-32.5833,151.7833,68.14,37,34,7.74,AU,2021-09-27 02:45:16
484,Asyut,27.181,31.1837,71.78,47,2,6.67,EG,2021-09-27 02:45:17
485,Hami,42.8,93.45,70.11,18,0,3.4,CN,2021-09-27 02:45:17
486,Dawlatabad,36.4141,64.9053,65.25,51,0,9.15,AF,2021-09-27 02:45:17
487,Gat,31.61,34.7642,76.91,100,0,3.65,IL,2021-09-27 02:45:18
488,Pailon,-17.65,-62.75,81.5,35,91,5.37,BO,2021-09-27 02:45:18
489,Basoko,1.2391,23.616,69.15,96,94,1.95,CD,2021-09-27 02:45:19
490,Storsteinnes,69.2408,19.2344,55.4,85,100,6.17,NO,2021-09-27 02:45:19
491,Constitucion,-35.3333,-72.4167,49.75,70,46,7.49,CL,2021-09-27 02:45:20
492,Ostrovnoy,68.0531,39.5131,44.02,87,100,17.58,RU,2021-09-27 02:45:20
493,Nago,26.5881,127.9761,88.23,71,54,11.99,JP,2021-09-27 02:45:20
494,San Pedro,14.35,121.0167,87.03,76,40,3.44,PH,2021-09-27 02:45:21
495,Waipawa,-41.4122,175.5153,48.45,88,100,11.12,NZ,2021-09-27 02:39:46
496,Porto Nacional,-10.7081,-48.4172,71.6,52,31,2.46,BR,2021-09-27 02:44:43
497,Bafoussam,5.4737,10.4179,60.24,93,99,2.08,CM,2021-09-27 02:45:21
498,Kudahuvadhoo,2.6708,72.8944,80.76,76,100,14.29,MV,2021-09-27 02:45:22
499,Yen Bai,21.7,104.8667,82.44,79,40,1.59,VN,2021-09-27 02:45:22
500,Skibbereen,51.55,-9.2667,51.6,82,71,15.43,IE,2021-09-27 02:45:23
501,Tucumcari,35.1717,-103.725,78.64,31,1,14.97,US,2021-09-27 02:45:23
502,Pervomayskoye,43.919,46.7102,58.82,63,19,9.95,RU,2021-09-27 02:45:23
503,Krasnyy Chikoy,50.3643,108.7512,47.7,58,98,1.88,RU,2021-09-27 02:45:24
504,Saint-Pierre,-21.3393,55.4781,69.48,77,75,8.05,RE,2021-09-27 02:45:24
505,Ambarawa,-7.2633,110.3975,86.41,61,91,3.31,ID,2021-09-27 02:45:25
506,Guayaramerin,-10.8368,-65.3614,80.33,59,22,2.93,BO,2021-09-27 02:45:25
507,Atambua,-9.1061,124.8925,86.34,45,79,3.69,ID,2021-09-27 02:45:25
508,Nosy Varika,-20.5833,48.5333,65.62,86,37,3.13,MG,2021-09-27 02:45:26
509,Changji,44.0167,87.3167,63.39,27,0,2.24,CN,2021-09-27 02:45:26
510,Jati,24.3539,68.2671,84.43,71,69,9.86,PK,2021-09-27 02:45:26
511,Santa Fe,-31.6333,-60.7,70,54,0,1.99,AR,2021-09-27 02:45:27
512,Sangar,63.9242,127.4739,43.59,71,73,2.37,RU,2021-09-27 02:45:27
513,Kamogawa,35.1,140.1,81.05,58,16,15.97,JP,2021-09-27 02:45:27
514,Punta Cardon,11.6581,-70.215,83.71,79,5,22.41,VE,2021-09-27 02:45:28
515,Banswara,23.55,74.45,79.25,87,85,0.47,IN,2021-09-27 02:45:28
516,San Patricio,28.017,-97.5169,80.46,65,99,9.62,US,2021-09-27 02:45:29
517,Karpogory,64.0019,44.4451,42.96,97,100,3.67,RU,2021-09-27 02:45:29
518,Moron,-34.6534,-58.6198,66,80,50,10,AR,2021-09-27 02:45:29
519,Saravan,39.7196,45.6483,38.05,42,0,4.5,AM,2021-09-27 02:45:30
520,Gizo,-8.103,156.8419,84.2,68,92,3.11,SB,2021-09-27 02:45:30
521,Fukue,32.6881,128.8419,79.16,73,75,8.05,JP,2021-09-27 02:45:31
522,Menongue,-14.6585,17.691,60.26,27,1,4.83,AO,2021-09-27 02:45:31
523,Isangel,-19.55,169.2667,80.71,74,75,9.22,VU,2021-09-27 02:45:31
524,Sovetskiy,61.3614,63.5842,32,83,76,7.4,RU,2021-09-27 02:45:32
525,Kropotkin,45.4375,40.5756,56.25,87,98,6.62,RU,2021-09-27 02:45:32
526,Sioux Lookout,50.1001,-91.917,53.98,71,1,4.61,CA,2021-09-27 02:45:32
527,Slave Lake,55.2834,-114.769,51.78,93,1,0,CA,2021-09-27 02:45:00
528,Alyangula,-13.8483,136.4192,85.87,66,75,9.22,AU,2021-09-27 02:45:33
529,Ulladulla,-35.35,150.4667,64.87,47,29,14.63,AU,2021-09-27 02:45:33
530,Petrykivka,48.7298,34.6351,47.32,85,0,8.16,UA,2021-09-27 02:45:34
531,Jiayuguan,39.8167,98.3,68.99,14,47,6.71,CN,2021-09-27 02:45:34
532,Husavik,66.0449,-17.3389,33.71,96,100,26.49,IS,2021-09-27 02:45:35
533,Oksfjord,70.2396,22.3479,52.72,87,100,3.89,NO,2021-09-27 02:45:35
534,Sistranda,63.7256,8.834,58.96,85,88,7.11,NO,2021-09-27 02:45:36
535,Muisne,0.6,-80.0333,74.66,85,100,9.06,EC,2021-09-27 02:45:36
536,Sisophon,13.5859,102.9737,84.07,75,100,4.09,KH,2021-09-27 02:45:36
537,Aasiaat,68.7098,-52.8699,10.63,75,2,5.99,GL,2021-09-27 02:45:37
538,Olinda,-8.0089,-34.8553,76.73,73,40,17.27,BR,2021-09-27 02:45:37
539,Villa Bruzual,9.3328,-69.1208,74.53,90,66,0.38,VE,2021-09-27 02:45:38
540,Alice Springs,-23.7,133.8833,90.95,8,64,17.27,AU,2021-09-27 02:42:18
541,Leh,34.1667,77.5833,56.8,23,0,0.85,IN,2021-09-27 02:45:38
542,Coihaique,-45.5752,-72.0662,39.15,87,20,3.44,CL,2021-09-27 02:45:39
543,Pemberton,50.3164,-122.8027,51.66,95,100,5.23,CA,2021-09-27 02:45:39
544,Neuquen,-38.9516,-68.0591,49.89,46,0,2.3,AR,2021-09-27 02:45:39
545,Saint-Francois,46.4154,3.9054,53.04,100,90,2.3,FR,2021-09-27 02:45:40
546,La Asuncion,11.0333,-63.8628,82.13,83,50,6.91,VE,2021-09-27 02:44:57
547,Chadan,51.2833,91.5833,32.76,45,1,3.58,RU,2021-09-27 02:45:40
548,Biltine,14.5333,20.9167,79.7,49,73,7.63,TD,2021-09-27 02:45:40
549,Huaiyin,33.5886,119.0192,76.69,85,100,7.56,CN,2021-09-27 02:45:41
550,Mende,44.6667,3.5,46.15,92,93,0.74,FR,2021-09-27 02:45:41
551,Xichang,27.8964,102.2634,70.72,80,74,2.19,CN,2021-09-27 02:45:42
552,Nekhayevskiy,50.4106,41.7561,47.91,85,87,15.68,RU,2021-09-27 02:45:42
553,Matay,28.419,30.7792,71.1,71,0,8.72,EG,2021-09-27 02:45:42
554,Yuanping,38.7153,112.7575,69.39,59,99,1.79,CN,2021-09-27 02:45:43
555,Half Moon Bay,37.4636,-122.4286,64.29,80,90,6.91,US,2021-09-27 02:44:08
556,Leamington,42.0549,-82.6062,69.76,71,98,24,CA,2021-09-27 02:44:44
557,Sinnamary,5.3833,-52.95,80.24,82,13,11.74,GF,2021-09-27 02:45:43
558,Semey,50.4111,80.2275,28.62,86,0,2.24,KZ,2021-09-27 02:41:13
559,Kiama,-34.6833,150.8667,68,55,62,7,AU,2021-09-27 02:40:57
560,Minab,27.1467,57.0801,81.9,79,56,2.71,IR,2021-09-27 02:45:44
561,Belmonte,-15.8631,-38.8828,73.9,89,77,6.78,BR,2021-09-27 02:45:45
562,Kitakata,37.65,139.8667,68.11,64,60,6.02,JP,2021-09-27 02:45:45
563,Buala,-8.145,159.5921,84.51,68,69,5.35,SB,2021-09-27 02:45:46
564,Bubaque,11.2833,-15.8333,83.01,79,97,9.08,GW,2021-09-27 02:45:46